name,category,city,postal_code,address,rating,reviews,range_min,range_max,banner_text,website,phone,plus_code,lat,lng,url,key,captured_at
Autohaus Royal GmbH,,,,,4.9,400,51,100,51 bis 100 Bewertungen aufgrund von Beschwerden wegen Diffamierung entfernt,,,,52.3776754,13.5413897,"https://www.google.com/maps/place/Autohaus+Royal+GmbH/@52.3776754,13.5413897,17z/data=!4m8!3m7!1s0x47a84729a9ba839f:0x899d01b26c94d130!8m2!3d52.3776754!4d13.5413897!9m1!1b1!16s%2Fg%2F11pyp2fxzc?entry=ttu&g_ep=EgoyMDI2MDYyOS4wIKXMDSoASAFQAw%3D%3D",0x47a84729a9ba839f:0x899d01b26c94d130,2026-07-01T12:11:26.696Z
Autoland Niederlassung Berlin II,,,,,1.035,1035,51,100,51 bis 100 Bewertungen aufgrund von Beschwerden wegen Diffamierung entfernt,,,,52.5109024,13.5407664,"https://www.google.com/maps/place/Autoland+Niederlassung+Berlin+II/@52.5109024,13.5407664,17z/data=!4m8!3m7!1s0x47a84c4eb9855edd:0x229d6b804857ddf9!8m2!3d52.5109024!4d13.5407664!9m1!1b1!16s%2Fg%2F11ckvd2ck9?entry=ttu&g_ep=EgoyMDI2MDYyOS4wIKXMDSoASAFQAw%3D%3D",0x47a84c4eb9855edd:0x229d6b804857ddf9,2026-07-01T12:11:16.717Z
Rein-Cars Berlin,,,,,4.8,56,11,20,11 bis 20 Bewertungen aufgrund von Beschwerden wegen Diffamierung entfernt,,,,52.5630258,13.460139,"https://www.google.com/maps/place/Rein-Cars+Berlin/@52.5630258,13.460139,17z/data=!4m8!3m7!1s0x47a84da1218970c1:0x2d27879c6bf8d19a!8m2!3d52.5630258!4d13.460139!9m1!1b1!16s%2Fg%2F11jyj7c2qj?entry=ttu&g_ep=EgoyMDI2MDYyOS4wIKXMDSoASAFQAw%3D%3D",0x47a84da1218970c1:0x2d27879c6bf8d19a,2026-07-01T12:11:46.696Z
Ristorante Trattoria Vesuvio,,,,,1.44,1440,21,50,21 bis 50 Bewertungen aufgrund von Beschwerden wegen Diffamierung entfernt,,,,52.5190864,13.429525,"https://www.google.com/maps/place/Ristorante+Trattoria+Vesuvio/@52.5190864,13.429525,16z/data=!4m8!3m7!1s0x47a84e15fc75dc85:0xa1281f2c1aa479f7!8m2!3d52.5190864!4d13.429525!9m1!1b1!16s%2Fg%2F1hm30m5zf?entry=ttu&g_ep=EgoyMDI2MDYyOS4wIKXMDSoASAFQAw%3D%3D",0x47a84e15fc75dc85:0xa1281f2c1aa479f7,2026-07-01T11:59:16.837Z
Ristorante A MANO,,,,,3.54,3540,21,50,21 bis 50 Bewertungen aufgrund von Beschwerden wegen Diffamierung entfernt,,,,52.5193916,13.4273865,"https://www.google.com/maps/place/Ristorante+A+MANO/@52.5193916,13.4273865,16z/data=!3m1!5s0x47a84e16190635e1:0xf544a9ca593d1967!4m8!3m7!1s0x47a84e1623b079cb:0xa355fb53a80d566c!8m2!3d52.5193916!4d13.4273865!9m1!1b1!16s%2Fg%2F1hc0s4f1h?entry=ttu&g_ep=EgoyMDI2MDYyOS4wIKXMDSoASAFQAw%3D%3D",0x47a84e1623b079cb:0xa355fb53a80d566c,2026-07-01T11:58:32.226Z
Zahnarztpraxis Berlin Mitte Panorama1 - Elisabeth & Erik Hübner,,,,,4.8,96,11,20,11 bis 20 Bewertungen aufgrund von Beschwerden wegen Diffamierung entfernt,,,,52.5215811,13.4098219,"https://www.google.com/maps/place/Zahnarztpraxis+Berlin+Mitte+Panorama1+-+Elisabeth+%26+Erik+H%C3%BCbner/@52.5215811,13.4098219,16z/data=!4m8!3m7!1s0x47a84e1f912c6c59:0xd6cb4387b1e3fda6!8m2!3d52.5215811!4d13.4098219!9m1!1b1!16s%2Fg%2F1tdkwq4x?entry=ttu&g_ep=EgoyMDI2MDYyOS4wIKXMDSoASAFQAw%3D%3D",0x47a84e1f912c6c59:0xd6cb4387b1e3fda6,2026-07-01T12:00:47.619Z
SuperFit Mitte,,,,,1.147,1147,21,50,21 bis 50 Bewertungen aufgrund von Beschwerden wegen Diffamierung entfernt,,,,52.5186653,13.4164869,"https://www.google.com/maps/place/SuperFit+Mitte/@52.5186653,13.4164869,17z/data=!4m8!3m7!1s0x47a84e2206913f7b:0x776957d52849630e!8m2!3d52.5186653!4d13.4164869!9m1!1b1!16s%2Fg%2F11bw1pxw1w?entry=ttu&g_ep=EgoyMDI2MDYyOS4wIKXMDSoASAFQAw%3D%3D",0x47a84e2206913f7b:0x776957d52849630e,2026-07-01T11:57:29.091Z
McMakler GmbH - Immobilienmakler Berlin,,,,,4.5,393,21,50,21 bis 50 Bewertungen aufgrund von Beschwerden wegen Diffamierung entfernt,,,,52.508036,13.4381494,"https://www.google.com/maps/place/McMakler+GmbH+-+Immobilienmakler+Berlin/@52.508036,13.4381494,17z/data=!4m8!3m7!1s0x47a84e262f68d6df:0x94b5c3713ab6fcf2!8m2!3d52.508036!4d13.4381494!9m1!1b1!16s%2Fg%2F11b861md1h?entry=ttu&g_ep=EgoyMDI2MDYyOS4wIKXMDSoASAFQAw%3D%3D",0x47a84e262f68d6df:0x94b5c3713ab6fcf2,2026-07-01T12:22:05.699Z
EVO Fitness Berlin Spittelmarkt,,,,,4.9,444,21,50,21 bis 50 Bewertungen aufgrund von Beschwerden wegen Diffamierung entfernt,,,,52.5118082,13.4086774,"https://www.google.com/maps/place/EVO+Fitness+Berlin+Spittelmarkt/@52.5118082,13.4086774,17z/data=!4m8!3m7!1s0x47a84f44675bf925:0x4e4c9980c412e171!8m2!3d52.5118082!4d13.4086774!9m1!1b1!16s%2Fg%2F11wqdr_8bj?entry=ttu&g_ep=EgoyMDI2MDYyOS4wIKXMDSoASAFQAw%3D%3D",0x47a84f44675bf925:0x4e4c9980c412e171,2026-07-01T11:55:59.646Z
Rex Tierarztpraxis Berlin-Friedrichshain,,,,,4.6,471,11,20,11 bis 20 Bewertungen aufgrund von Beschwerden wegen Diffamierung entfernt,,,,52.5072059,13.4575494,"https://www.google.com/maps/place/Rex+Tierarztpraxis+Berlin-Friedrichshain/@52.5072059,13.4575494,17z/data=!4m8!3m7!1s0x47a84f9be0f199a1:0x1bc2f105df77e470!8m2!3d52.5072059!4d13.4575494!9m1!1b1!16s%2Fg%2F11vhg12w0x?entry=ttu&g_ep=EgoyMDI2MDYyOS4wIKXMDSoASAFQAw%3D%3D",0x47a84f9be0f199a1:0x1bc2f105df77e470,2026-07-01T12:23:06.702Z
Holmes Place Fitness - Neukölln,,,,,4.5,864,151,200,151 bis 200 Bewertungen aufgrund von Beschwerden wegen Diffamierung entfernt,,,,52.4852948,13.4217708,"https://www.google.com/maps/place/Holmes+Place+Fitness+-+Neuk%C3%B6lln/@52.4852948,13.4217708,17z/data=!3m1!5s0x47a84fb86b081a3d:0xbbd3286f45803085!4m8!3m7!1s0x47a84fb83fb4b6b1:0x57d78aad6e3f59f0!8m2!3d52.4852948!4d13.4217708!9m1!1b1!16s%2Fg%2F1tf30f01?entry=ttu&g_ep=EgoyMDI2MDYyNC4wIKXMDSoASAFQAw%3D%3D",0x47a84fb83fb4b6b1:0x57d78aad6e3f59f0,2026-07-01T11:54:30.387Z
Die Praxis Mitte - Zahnarztpraxis Dr. Christina Erdmann & Dr. Anna Trojan,,,,,4.6,119,11,20,11 bis 20 Bewertungen aufgrund von Beschwerden wegen Diffamierung entfernt,,,,52.5238491,13.4086274,"https://www.google.com/maps/place/Die+Praxis+Mitte+-+Zahnarztpraxis+Dr.+Christina+Erdmann+%26+Dr.+Anna+Trojan/@52.5238491,13.4086274,17z/data=!3m1!5s0x47a84e1e282270f3:0xdb4244014febf03a!4m8!3m7!1s0x47a84fed83b8b99b:0xfbe897eebf9bacf6!8m2!3d52.5238491!4d13.4086274!9m1!1b1!16s%2Fg%2F11h42nzzh4?entry=ttu&g_ep=EgoyMDI2MDYyOS4wIKXMDSoASAFQAw%3D%3D",0x47a84fed83b8b99b:0xfbe897eebf9bacf6,2026-07-01T12:01:55.111Z
Autohaus Royal GmbH,,,,,2.515,2515,250,,Über 250 Bewertungen aufgrund von Beschwerden wegen Diffamierung entfernt,,,,52.4635009,13.3659218,"https://www.google.com/maps/place/Autohaus+Royal+GmbH/@52.4635009,13.3659218,17z/data=!4m8!3m7!1s0x47a850064d69af7b:0xcc07a08dc33dc709!8m2!3d52.4635009!4d13.3659218!9m1!1b1!16s%2Fg%2F1tdz8g0q?entry=ttu&g_ep=EgoyMDI2MDYyOS4wIKXMDSoASAFQAw%3D%3D",0x47a850064d69af7b:0xcc07a08dc33dc709,2026-07-01T12:10:26.723Z
Holmes Place Fitness - Potsdamer Platz,,,,,2.081,2081,21,50,21 bis 50 Bewertungen aufgrund von Beschwerden wegen Diffamierung entfernt,,,,52.5056902,13.3754496,"https://www.google.com/maps/place/Holmes+Place+Fitness+-+Potsdamer+Platz/@52.5056902,13.3754496,17z/data=!4m8!3m7!1s0x47a850323fffffff:0x5a6b460cc41c4c1c!8m2!3d52.5056902!4d13.3754496!9m1!1b1!16s%2Fg%2F1hc78lz4k?entry=ttu&g_ep=EgoyMDI2MDYyOS4wIKXMDSoASAFQAw%3D%3D",0x47a850323fffffff:0x5a6b460cc41c4c1c,2026-07-01T11:57:11.094Z
"Tierarzt Berlin, vets for cats Berlin - Tierarztpraxis für Katzen",,,,,4.7,299,11,20,11 bis 20 Bewertungen aufgrund von Beschwerden wegen Diffamierung entfernt,,,,52.4897329,13.3391583,"https://www.google.com/maps/place/Tierarzt+Berlin,+vets+for+cats+Berlin+-+Tierarztpraxis+f%C3%BCr+Katzen/@52.4897329,13.3391583,17z/data=!4m8!3m7!1s0x47a8505c14dd0365:0x6592bbfb53015b3e!8m2!3d52.4897329!4d13.3391583!9m1!1b1!16s%2Fg%2F1ptvqbly0?entry=ttu&g_ep=EgoyMDI2MDYyOS4wIKXMDSoASAFQAw%3D%3D",0x47a8505c14dd0365:0x6592bbfb53015b3e,2026-07-01T12:24:05.701Z
mgp Merla Ganschow & Partner Steuerberater,,,,,4.9,218,11,20,11 bis 20 Bewertungen aufgrund von Beschwerden wegen Diffamierung entfernt,,,,52.5044156,13.3379755,"https://www.google.com/maps/place/mgp+Merla+Ganschow+%26+Partner+Steuerberater/@52.5044156,13.3379755,17z/data=!3m1!5s0x47a850559c69a03d:0x7edf0a3a40ab1bec!4m8!3m7!1s0x47a850f8d1d16d03:0xcc4f02ad24df2e1c!8m2!3d52.5044156!4d13.3379755!9m1!1b1!16s%2Fg%2F1tp0cq3b?entry=ttu&g_ep=EgoyMDI2MDYyOS4wIKXMDSoASAFQAw%3D%3D",0x47a850f8d1d16d03:0xcc4f02ad24df2e1c,2026-07-01T12:07:25.696Z
Zahnzentrum Mitte - Dein Zahnarzt in Berlin Mitte,,,,,4.9,225,21,50,21 bis 50 Bewertungen aufgrund von Beschwerden wegen Diffamierung entfernt,,,,52.5246593,13.335865,"https://www.google.com/maps/place/Zahnzentrum+Mitte+-+Dein+Zahnarzt+in+Berlin+Mitte/@52.5246593,13.335865,17z/data=!4m8!3m7!1s0x47a8510c30f23b3b:0xdf4c64cc60178a9e!8m2!3d52.5246593!4d13.335865!9m1!1b1!16s%2Fg%2F1tsr26tm?entry=ttu&g_ep=EgoyMDI2MDYyOS4wIKXMDSoASAFQAw%3D%3D",0x47a8510c30f23b3b:0xdf4c64cc60178a9e,2026-07-01T12:02:19.890Z
Sanft & Schön Kosmetikstudio,,,,,4.9,289,11,20,11 bis 20 Bewertungen aufgrund von Beschwerden wegen Diffamierung entfernt,,,,52.5278251,13.3892737,"https://www.google.com/maps/place/Sanft+%26+Sch%C3%B6n+Kosmetikstudio/@52.5278251,13.3892737,17z/data=!4m8!3m7!1s0x47a85175950ea719:0x808854baeaff277c!8m2!3d52.5278251!4d13.3892737!9m1!1b1!16s%2Fg%2F11ft_8xyt5?entry=ttu&g_ep=EgoyMDI2MDYyOS4wIKXMDSoASAFQAw%3D%3D",0x47a85175950ea719:0x808854baeaff277c,2026-07-01T12:18:09.733Z
Bless,,,,,1.771,1771,101,150,101 bis 150 Bewertungen aufgrund von Beschwerden wegen Diffamierung entfernt,,,,52.5124086,13.3967904,"https://www.google.com/maps/place/Bless/@52.5124086,13.3967904,17z/data=!4m8!3m7!1s0x47a8518e5446ed29:0x414b04762b9f4b36!8m2!3d52.5124086!4d13.3967904!9m1!1b1!16s%2Fg%2F11lkzg8dhv?entry=ttu&g_ep=EgoyMDI2MDYyOS4wIKXMDSoASAFQAw%3D%3D",0x47a8518e5446ed29:0x414b04762b9f4b36,2026-07-01T11:58:04.971Z
Torhaus - Ihre Zahnärzte in Berlin Mitte,,,,,4.9,239,21,50,21 bis 50 Bewertungen aufgrund von Beschwerden wegen Diffamierung entfernt,,,,52.5284086,13.3784512,"https://www.google.com/maps/place/Torhaus+-+Ihre+Zahn%C3%A4rzte+in+Berlin+Mitte/@52.5284086,13.3784512,17z/data=!4m8!3m7!1s0x47a85194c796e7fb:0x88f861aa25b00e77!8m2!3d52.5284086!4d13.3784512!9m1!1b1!16s%2Fg%2F113jfd1w9?entry=ttu&g_ep=EgoyMDI2MDYyOS4wIKXMDSoASAFQAw%3D%3D",0x47a85194c796e7fb:0x88f861aa25b00e77,2026-07-01T12:01:27.662Z
AllDent Zahnzentrum Berlin,,,,,4.7,401,51,100,51 bis 100 Bewertungen aufgrund von Beschwerden wegen Diffamierung entfernt,,,,52.5190628,13.388854,"https://www.google.com/maps/place/AllDent+Zahnzentrum+Berlin/@52.5190628,13.388854,17z/data=!3m1!5s0x47a84fdc2df7cc8b:0x7a8d8e897582900d!4m8!3m7!1s0x47a851b834c6d001:0x6eccc1d982f7ff!8m2!3d52.5190628!4d13.388854!9m1!1b1!16s%2Fg%2F11w232lr5m?entry=ttu&g_ep=EgoyMDI2MDYyOS4wIKXMDSoASAFQAw%3D%3D",0x47a851b834c6d001:0x6eccc1d982f7ff,2026-07-01T12:00:58.563Z
Gansel Rechtsanwälte,,,,,4.5,670,21,50,21 bis 50 Bewertungen aufgrund von Beschwerden wegen Diffamierung entfernt,,,,52.5134525,13.4128143,"https://www.google.com/maps/place/Gansel+Rechtsanw%C3%A4lte/@52.5134525,13.4128143,17z/data=!4m8!3m7!1s0x47a851c36b0d65e9:0xd342fd391176a1ec!8m2!3d52.5134525!4d13.4128143!9m1!1b1!16s%2Fg%2F1tfkvbl6?entry=ttu&g_ep=EgoyMDI2MDYyOS4wIKXMDSoASAFQAw%3D%3D",0x47a851c36b0d65e9:0xd342fd391176a1ec,2026-07-01T12:05:56.720Z
TERAS Döner Kebab,,,,,6.578,6578,101,150,101 bis 150 Bewertungen aufgrund von Beschwerden wegen Diffamierung entfernt,,,,52.5117229,13.3835554,"https://www.google.com/maps/place/TERAS+D%C3%B6ner+Kebab/@52.5117229,13.3835554,16z/data=!4m8!3m7!1s0x47a851cf98ce2f6f:0x166c851fa5664702!8m2!3d52.5117229!4d13.3835554!9m1!1b1!16s%2Fg%2F11c2pf5k18?entry=ttu&g_ep=EgoyMDI2MDYyOS4wIKXMDSoASAFQAw%3D%3D",0x47a851cf98ce2f6f:0x166c851fa5664702,2026-07-01T11:59:25.930Z
CHECKPOINT DENTIST - Ihr Zahnarzt in Berlin Mitte,,,,,4.9,83,11,20,11 bis 20 Bewertungen aufgrund von Beschwerden wegen Diffamierung entfernt,,,,52.5067927,13.3937566,"https://www.google.com/maps/place/CHECKPOINT+DENTIST+-+Ihr+Zahnarzt+in+Berlin+Mitte/@52.5067927,13.3937566,17z/data=!3m1!5s0x47a851d6a6b94d8f:0x9323a676b5125bed!4m8!3m7!1s0x47a851d152667cf7:0x83199b4c7c8a30a6!8m2!3d52.5067927!4d13.3937566!9m1!1b1!16s%2Fg%2F1tz74_wf?entry=ttu&g_ep=EgoyMDI2MDYyOS4wIKXMDSoASAFQAw%3D%3D",0x47a851d152667cf7:0x83199b4c7c8a30a6,2026-07-01T12:01:09.619Z
MVZ MED ON Schmerz-Centrum Berlin,,,,,4.7,96,51,100,51 bis 100 Bewertungen aufgrund von Beschwerden wegen Diffamierung entfernt,,,,52.5043258,13.3901593,"https://www.google.com/maps/place/MVZ+MED+ON+Schmerz-Centrum+Berlin/@52.5043258,13.3901593,17z/data=!4m8!3m7!1s0x47a851d39b61e88f:0x8391d642f2d6fb18!8m2!3d52.5043258!4d13.3901593!9m1!1b1!16s%2Fg%2F1v27tjh_?entry=ttu&g_ep=EgoyMDI2MDYyOS4wIKXMDSoASAFQAw%3D%3D",0x47a851d39b61e88f:0x8391d642f2d6fb18,2026-07-01T12:04:18.249Z
Holmes Place Fitness - Gendarmenmarkt,,,,,1.429,1429,151,200,151 bis 200 Bewertungen aufgrund von Beschwerden wegen Diffamierung entfernt,,,,52.5126085,13.3905125,"https://www.google.com/maps/place/Holmes+Place+Fitness+-+Gendarmenmarkt/@52.5126085,13.3905125,17z/data=!3m1!5s0x47a851da86aec561:0x2444b34bf861b0c4!4m8!3m7!1s0x47a851da84303187:0x4720faf15992d90f!8m2!3d52.5126085!4d13.3905125!9m1!1b1!16s%2Fg%2F11by_zdp_n?entry=ttu&g_ep=EgoyMDI2MDYyOS4wIKXMDSoASAFQAw%3D%3D",0x47a851da84303187:0x4720faf15992d90f,2026-07-01T11:57:46.871Z
Restaurant Dae Mon,,,,,4.8,672,21,50,21 bis 50 Bewertungen aufgrund von Beschwerden wegen Diffamierung entfernt,,,,52.5227699,13.399358,"https://www.google.com/maps/place/Restaurant+Dae+Mon/@52.5227699,13.399358,17z/data=!3m1!5s0x47a851e74e76ce79:0xf03c29631d430c26!4m8!3m7!1s0x47a851e74e032c31:0x25dc3e501793aacf!8m2!3d52.5227699!4d13.399358!9m1!1b1!16s%2Fg%2F11b6hwzkdv?entry=ttu&g_ep=EgoyMDI2MDYyOS4wIKXMDSoASAFQAw%3D%3D",0x47a851e74e032c31:0x25dc3e501793aacf,2026-07-01T11:59:52.921Z
Das georgische Restaurant Supra Berlin,,,,,4.5,395,151,200,151 bis 200 Bewertungen aufgrund von Beschwerden wegen Diffamierung entfernt,,,,52.5228806,13.4028841,"https://www.google.com/maps/place/Das+georgische+Restaurant+Supra+Berlin/@52.5228806,13.4028841,17z/data=!3m1!5s0x47a851e0967c7499:0xd9708178e8633ca6!4m8!3m7!1s0x47a851f0e81863fb:0x597d8f17d64b6a7c!8m2!3d52.5228806!4d13.4028841!9m1!1b1!16s%2Fg%2F11w4m4czpd?entry=ttu&g_ep=EgoyMDI2MDYyOS4wIKXMDSoASAFQAw%3D%3D",0x47a851f0e81863fb:0x597d8f17d64b6a7c,2026-07-01T11:59:44.028Z
Dentists | Cinderella Kolarikal | Zahnärzte in der Rochstraße,,,,,4.9,34,11,20,11 bis 20 Bewertungen aufgrund von Beschwerden wegen Diffamierung entfernt,,,,52.5243745,13.4074774,"https://www.google.com/maps/place/Dentists+%7C+Cinderella+Kolarikal+%7C+Zahn%C3%A4rzte+in+der+Rochstra%C3%9Fe/@52.5243745,13.4074774,17z/data=!3m1!5s0x47a851e1d76f91f1:0x21ad3e0013384faf!4m8!3m7!1s0x47a851f6eec5723d:0x460e9d22fa1a8222!8m2!3d52.5243745!4d13.4074774!9m1!1b1!16s%2Fg%2F11r4m1g9_g?entry=ttu&g_ep=EgoyMDI2MDYyOS4wIKXMDSoASAFQAw%3D%3D",0x47a851f6eec5723d:0x460e9d22fa1a8222,2026-07-01T12:00:38.591Z
Living in Berlin - my pink Immobilien GmbH,,,,,4.9,170,11,20,11 bis 20 Bewertungen aufgrund von Beschwerden wegen Diffamierung entfernt,,,,52.511054,13.61276,"https://www.google.com/maps/place/Living+in+Berlin+-+my+pink+Immobilien+GmbH/@52.511054,13.61276,17z/data=!4m8!3m7!1s0x47a9b475648bcb17:0x573762f50cdd4534!8m2!3d52.511054!4d13.61276!9m1!1b1!16s%2Fg%2F11_t5hsc8?entry=ttu&g_ep=EgoyMDI2MDYyOS4wIKXMDSoASAFQAw%3D%3D",0x47a9b475648bcb17:0x573762f50cdd4534,2026-07-01T12:21:56.705Z
,,,,,4.7,401,51,100,51 bis 100 Bewertungen aufgrund von Beschwerden wegen Diffamierung entfernt,,,,,,https://www.google.com/maps/search/?api=1&query=AllDent%20Zahnzentrum%20Berlin&query_place_id=ChIJAdDGNLhRqEcR__eC2cHMbgA,https://www.google.com/maps/search/?api=1&query=AllDent%20Zahnzentrum%20Berlin&query_place_id=ChIJAdDGNLhRqEcR__eC2cHMbgA,2026-07-01T12:00:56.565Z
,,,,,2.515,2515,250,,Über 250 Bewertungen aufgrund von Beschwerden wegen Diffamierung entfernt,,,,,,https://www.google.com/maps/search/?api=1&query=Autohaus%20Royal%20GmbH&query_place_id=ChIJe69pTQZQqEcRCcc9w42gB8w,https://www.google.com/maps/search/?api=1&query=Autohaus%20Royal%20GmbH&query_place_id=ChIJe69pTQZQqEcRCcc9w42gB8w,2026-07-01T12:10:24.726Z
,,,,,4.9,400,51,100,51 bis 100 Bewertungen aufgrund von Beschwerden wegen Diffamierung entfernt,,,,,,https://www.google.com/maps/search/?api=1&query=Autohaus%20Royal%20GmbH&query_place_id=ChIJn4O6qSlHqEcRMNGUbLIBnYk,https://www.google.com/maps/search/?api=1&query=Autohaus%20Royal%20GmbH&query_place_id=ChIJn4O6qSlHqEcRMNGUbLIBnYk,2026-07-01T12:11:24.716Z
,,,,,1.035,1035,51,100,51 bis 100 Bewertungen aufgrund von Beschwerden wegen Diffamierung entfernt,,,,,,https://www.google.com/maps/search/?api=1&query=Autoland%20Niederlassung%20Berlin%20II&query_place_id=ChIJ3V6FuU5MqEcR-d1XSIBrnSI,https://www.google.com/maps/search/?api=1&query=Autoland%20Niederlassung%20Berlin%20II&query_place_id=ChIJ3V6FuU5MqEcR-d1XSIBrnSI,2026-07-01T12:11:14.715Z
,,,,,1.771,1771,101,150,101 bis 150 Bewertungen aufgrund von Beschwerden wegen Diffamierung entfernt,,,,,,https://www.google.com/maps/search/?api=1&query=Bless&query_place_id=ChIJKe1GVI5RqEcRNkufK3YES0E,https://www.google.com/maps/search/?api=1&query=Bless&query_place_id=ChIJKe1GVI5RqEcRNkufK3YES0E,2026-07-01T11:58:02.953Z
,,,,,4.9,83,11,20,11 bis 20 Bewertungen aufgrund von Beschwerden wegen Diffamierung entfernt,,,,,,https://www.google.com/maps/search/?api=1&query=CHECKPOINT%20DENTIST%20-%20Ihr%20Zahnarzt%20in%20Berlin%20Mitte&query_place_id=ChIJ93xmUtFRqEcRpjCKfEybGYM,https://www.google.com/maps/search/?api=1&query=CHECKPOINT%20DENTIST%20-%20Ihr%20Zahnarzt%20in%20Berlin%20Mitte&query_place_id=ChIJ93xmUtFRqEcRpjCKfEybGYM,2026-07-01T12:01:07.620Z
,,,,,4.5,395,151,200,151 bis 200 Bewertungen aufgrund von Beschwerden wegen Diffamierung entfernt,,,,,,https://www.google.com/maps/search/?api=1&query=Das%20georgische%20Restaurant%20Supra%20Berlin&query_place_id=ChIJ-2MY6PBRqEcRfGpL1hePfVk,https://www.google.com/maps/search/?api=1&query=Das%20georgische%20Restaurant%20Supra%20Berlin&query_place_id=ChIJ-2MY6PBRqEcRfGpL1hePfVk,2026-07-01T11:59:42.030Z
,,,,,4.9,34,11,20,11 bis 20 Bewertungen aufgrund von Beschwerden wegen Diffamierung entfernt,,,,,,https://www.google.com/maps/search/?api=1&query=Dentists%20%7C%20Cinderella%20Kolarikal%20%7C%20Zahn%C3%A4rzte%20in%20der%20Rochstra%C3%9Fe&query_place_id=ChIJPXLF7vZRqEcRIoIa-iKdDkY,https://www.google.com/maps/search/?api=1&query=Dentists%20%7C%20Cinderella%20Kolarikal%20%7C%20Zahn%C3%A4rzte%20in%20der%20Rochstra%C3%9Fe&query_place_id=ChIJPXLF7vZRqEcRIoIa-iKdDkY,2026-07-01T12:00:36.594Z
,,,,,4.6,119,11,20,11 bis 20 Bewertungen aufgrund von Beschwerden wegen Diffamierung entfernt,,,,,,https://www.google.com/maps/search/?api=1&query=Die%20Praxis%20Mitte%20-%20Zahnarztpraxis%20Dr.%20Christina%20Erdmann%20%26%20Dr.%20Anna%20Trojan&query_place_id=ChIJm7m4g-1PqEcR9qybv-6X6Ps,https://www.google.com/maps/search/?api=1&query=Die%20Praxis%20Mitte%20-%20Zahnarztpraxis%20Dr.%20Christina%20Erdmann%20%26%20Dr.%20Anna%20Trojan&query_place_id=ChIJm7m4g-1PqEcR9qybv-6X6Ps,2026-07-01T12:01:53.116Z
,,,,,4.9,444,21,50,21 bis 50 Bewertungen aufgrund von Beschwerden wegen Diffamierung entfernt,,,,,,https://www.google.com/maps/search/?api=1&query=EVO%20Fitness%20Berlin%20Spittelmarkt&query_place_id=ChIJJflbZ0RPqEcRceESxICZTE4,https://www.google.com/maps/search/?api=1&query=EVO%20Fitness%20Berlin%20Spittelmarkt&query_place_id=ChIJJflbZ0RPqEcRceESxICZTE4,2026-07-01T11:55:57.648Z
,,,,,4.5,670,21,50,21 bis 50 Bewertungen aufgrund von Beschwerden wegen Diffamierung entfernt,,,,,,https://www.google.com/maps/search/?api=1&query=Gansel%20Rechtsanw%C3%A4lte&query_place_id=ChIJ6WUNa8NRqEcR7KF2ETn9QtM,https://www.google.com/maps/search/?api=1&query=Gansel%20Rechtsanw%C3%A4lte&query_place_id=ChIJ6WUNa8NRqEcR7KF2ETn9QtM,2026-07-01T12:05:54.723Z
,,,,,1.429,1429,151,200,151 bis 200 Bewertungen aufgrund von Beschwerden wegen Diffamierung entfernt,,,,,,https://www.google.com/maps/search/?api=1&query=Holmes%20Place%20Fitness%20-%20Gendarmenmarkt&query_place_id=ChIJhzEwhNpRqEcRD9mSWfH6IEc,https://www.google.com/maps/search/?api=1&query=Holmes%20Place%20Fitness%20-%20Gendarmenmarkt&query_place_id=ChIJhzEwhNpRqEcRD9mSWfH6IEc,2026-07-01T11:57:44.874Z
,,,,,2.081,2081,21,50,21 bis 50 Bewertungen aufgrund von Beschwerden wegen Diffamierung entfernt,,,,,,https://www.google.com/maps/search/?api=1&query=Holmes%20Place%20Fitness%20-%20Potsdamer%20Platz&query_place_id=ChIJ____PzJQqEcRHEwcxAxGa1o,https://www.google.com/maps/search/?api=1&query=Holmes%20Place%20Fitness%20-%20Potsdamer%20Platz&query_place_id=ChIJ____PzJQqEcRHEwcxAxGa1o,2026-07-01T11:57:09.096Z
,,,,,4.9,170,11,20,11 bis 20 Bewertungen aufgrund von Beschwerden wegen Diffamierung entfernt,,,,,,https://www.google.com/maps/search/?api=1&query=Living%20in%20Berlin%20-%20my%20pink%20Immobilien%20GmbH&query_place_id=ChIJF8uLZHW0qUcRNEXdDPViN1c,https://www.google.com/maps/search/?api=1&query=Living%20in%20Berlin%20-%20my%20pink%20Immobilien%20GmbH&query_place_id=ChIJF8uLZHW0qUcRNEXdDPViN1c,2026-07-01T12:21:54.699Z
,,,,,4.7,96,51,100,51 bis 100 Bewertungen aufgrund von Beschwerden wegen Diffamierung entfernt,,,,,,https://www.google.com/maps/search/?api=1&query=MVZ%20MED%20ON%20Schmerz-Centrum%20Berlin&query_place_id=ChIJj-hhm9NRqEcRGPvW8kLWkYM,https://www.google.com/maps/search/?api=1&query=MVZ%20MED%20ON%20Schmerz-Centrum%20Berlin&query_place_id=ChIJj-hhm9NRqEcRGPvW8kLWkYM,2026-07-01T12:04:16.252Z
,,,,,4.5,393,21,50,21 bis 50 Bewertungen aufgrund von Beschwerden wegen Diffamierung entfernt,,,,,,https://www.google.com/maps/search/?api=1&query=McMakler%20GmbH%20-%20Immobilienmakler%20Berlin&query_place_id=ChIJ39ZoLyZOqEcR8vy2OnHDtZQ,https://www.google.com/maps/search/?api=1&query=McMakler%20GmbH%20-%20Immobilienmakler%20Berlin&query_place_id=ChIJ39ZoLyZOqEcR8vy2OnHDtZQ,2026-07-01T12:22:03.704Z
,,,,,4.8,56,11,20,11 bis 20 Bewertungen aufgrund von Beschwerden wegen Diffamierung entfernt,,,,,,https://www.google.com/maps/search/?api=1&query=Rein-Cars%20Berlin&query_place_id=ChIJwXCJIaFNqEcRmtH4a5yHJy0,https://www.google.com/maps/search/?api=1&query=Rein-Cars%20Berlin&query_place_id=ChIJwXCJIaFNqEcRmtH4a5yHJy0,2026-07-01T12:11:44.719Z
,,,,,4.8,672,21,50,21 bis 50 Bewertungen aufgrund von Beschwerden wegen Diffamierung entfernt,,,,,,https://www.google.com/maps/search/?api=1&query=Restaurant%20Dae%20Mon&query_place_id=ChIJMSwDTudRqEcRz6qTF1A-3CU,https://www.google.com/maps/search/?api=1&query=Restaurant%20Dae%20Mon&query_place_id=ChIJMSwDTudRqEcRz6qTF1A-3CU,2026-07-01T11:59:50.903Z
,,,,,4.6,471,11,20,11 bis 20 Bewertungen aufgrund von Beschwerden wegen Diffamierung entfernt,,,,,,https://www.google.com/maps/search/?api=1&query=Rex%20Tierarztpraxis%20Berlin-Friedrichshain&query_place_id=ChIJoZnx4JtPqEcRcOR33wXxwhs,https://www.google.com/maps/search/?api=1&query=Rex%20Tierarztpraxis%20Berlin-Friedrichshain&query_place_id=ChIJoZnx4JtPqEcRcOR33wXxwhs,2026-07-01T12:23:04.704Z
,,,,,3.54,3540,21,50,21 bis 50 Bewertungen aufgrund von Beschwerden wegen Diffamierung entfernt,,,,,,https://www.google.com/maps/search/?api=1&query=Ristorante%20A%20MANO&query_place_id=ChIJy3mwIxZOqEcRbFYNqFP7VaM,https://www.google.com/maps/search/?api=1&query=Ristorante%20A%20MANO&query_place_id=ChIJy3mwIxZOqEcRbFYNqFP7VaM,2026-07-01T11:58:30.213Z
,,,,,1.44,1440,21,50,21 bis 50 Bewertungen aufgrund von Beschwerden wegen Diffamierung entfernt,,,,,,https://www.google.com/maps/search/?api=1&query=Ristorante%20Trattoria%20Vesuvio&query_place_id=ChIJhdx1_BVOqEcR93mkGiwfKKE,https://www.google.com/maps/search/?api=1&query=Ristorante%20Trattoria%20Vesuvio&query_place_id=ChIJhdx1_BVOqEcR93mkGiwfKKE,2026-07-01T11:59:14.838Z
,,,,,4.9,289,11,20,11 bis 20 Bewertungen aufgrund von Beschwerden wegen Diffamierung entfernt,,,,,,https://www.google.com/maps/search/?api=1&query=Sanft%20%26%20Sch%C3%B6n%20Kosmetikstudio&query_place_id=ChIJGacOlXVRqEcRfCf_6rpUiIA,https://www.google.com/maps/search/?api=1&query=Sanft%20%26%20Sch%C3%B6n%20Kosmetikstudio&query_place_id=ChIJGacOlXVRqEcRfCf_6rpUiIA,2026-07-01T12:18:07.726Z
,,,,,1.147,1147,21,50,21 bis 50 Bewertungen aufgrund von Beschwerden wegen Diffamierung entfernt,,,,,,https://www.google.com/maps/search/?api=1&query=SuperFit%20Mitte&query_place_id=ChIJez-RBiJOqEcRDmNJKNVXaXc,https://www.google.com/maps/search/?api=1&query=SuperFit%20Mitte&query_place_id=ChIJez-RBiJOqEcRDmNJKNVXaXc,2026-07-01T11:57:27.093Z
,,,,,6.578,6578,101,150,101 bis 150 Bewertungen aufgrund von Beschwerden wegen Diffamierung entfernt,,,,,,https://www.google.com/maps/search/?api=1&query=TERAS%20D%C3%B6ner%20Kebab&query_place_id=ChIJby_OmM9RqEcRAkdmpR-FbBY,https://www.google.com/maps/search/?api=1&query=TERAS%20D%C3%B6ner%20Kebab&query_place_id=ChIJby_OmM9RqEcRAkdmpR-FbBY,2026-07-01T11:59:23.932Z
,,,,,4.7,299,11,20,11 bis 20 Bewertungen aufgrund von Beschwerden wegen Diffamierung entfernt,,,,,,https://www.google.com/maps/search/?api=1&query=Tierarzt%20Berlin%2C%20vets%20for%20cats%20Berlin%20-%20Tierarztpraxis%20f%C3%BCr%20Katzen&query_place_id=ChIJZQPdFFxQqEcRPlsBU_u7kmU,https://www.google.com/maps/search/?api=1&query=Tierarzt%20Berlin%2C%20vets%20for%20cats%20Berlin%20-%20Tierarztpraxis%20f%C3%BCr%20Katzen&query_place_id=ChIJZQPdFFxQqEcRPlsBU_u7kmU,2026-07-01T12:24:03.718Z
,,,,,4.9,239,21,50,21 bis 50 Bewertungen aufgrund von Beschwerden wegen Diffamierung entfernt,,,,,,https://www.google.com/maps/search/?api=1&query=Torhaus%20-%20Ihre%20Zahn%C3%A4rzte%20in%20Berlin%20Mitte&query_place_id=ChIJ--eWx5RRqEcRdw6wJaph-Ig,https://www.google.com/maps/search/?api=1&query=Torhaus%20-%20Ihre%20Zahn%C3%A4rzte%20in%20Berlin%20Mitte&query_place_id=ChIJ--eWx5RRqEcRdw6wJaph-Ig,2026-07-01T12:01:25.661Z
,,,,,4.8,96,11,20,11 bis 20 Bewertungen aufgrund von Beschwerden wegen Diffamierung entfernt,,,,,,https://www.google.com/maps/search/?api=1&query=Zahnarztpraxis%20Berlin%20Mitte%20Panorama1%20-%20Elisabeth%20%26%20Erik%20H%C3%BCbner&query_place_id=ChIJWWwskR9OqEcRpv3jsYdDy9Y,https://www.google.com/maps/search/?api=1&query=Zahnarztpraxis%20Berlin%20Mitte%20Panorama1%20-%20Elisabeth%20%26%20Erik%20H%C3%BCbner&query_place_id=ChIJWWwskR9OqEcRpv3jsYdDy9Y,2026-07-01T12:00:45.619Z
,,,,,4.9,218,11,20,11 bis 20 Bewertungen aufgrund von Beschwerden wegen Diffamierung entfernt,,,,,,https://www.google.com/maps/search/?api=1&query=mgp%20Merla%20Ganschow%20%26%20Partner%20Steuerberater&query_place_id=ChIJA23R0fhQqEcRHC7fJK0CT8w,https://www.google.com/maps/search/?api=1&query=mgp%20Merla%20Ganschow%20%26%20Partner%20Steuerberater&query_place_id=ChIJA23R0fhQqEcRHC7fJK0CT8w,2026-07-01T12:07:23.718Z