name,category,city,postal_code,address,rating,reviews,dist_1,dist_2,dist_3,dist_4,dist_5,range_min,range_max,banner_text,website,image,price_level,business_status,phone,plus_code,lat,lng,url,key,aidos_version,captured_at
TRU Fitness Club,,,,,4.5,64,38,21,26,74,585,21,50,21 bis 50 Bewertungen aufgrund von Beschwerden wegen Diffamierung entfernt,,,,operational,,,53.5878532,10.0446407,"https://www.google.com/maps/place/TRU+Fitness+Club/@53.5878532,10.0446407,17z/data=!4m8!3m7!1s0x47a850f961daad1f:0xc5f27b38c1b59916!8m2!3d53.5878532!4d10.0446407!9m1!1b1!16s%2Fg%2F11fxvsll95?entry=ttu&g_ep=EgoyMDI2MDYyOS4wIKXMDSoASAFQAw%3D%3D",0x47a850f961daad1f:0xc5f27b38c1b59916,v0.9,2026-07-04T13:36:42.712Z
Tierarztpraxis ElbVet Hamburg,,,,,4.9,5,2,0,0,13,131,21,50,21 bis 50 Bewertungen aufgrund von Beschwerden wegen Diffamierung entfernt,,,,operational,,,53.56439,9.91812,"https://www.google.com/maps/place/Tierarztpraxis+ElbVet+Hamburg/@53.56439,9.91812,17z/data=!4m8!3m7!1s0x47b1856fe7d43e95:0x6934c6336fc69d77!8m2!3d53.56439!4d9.91812!9m1!1b1!16s%2Fg%2F11h0zbm_6t?entry=ttu&g_ep=EgoyMDI2MDYyOS4wIKXMDSoASAFQAw%3D%3D",0x47b1856fe7d43e95:0x6934c6336fc69d77,v0.9,2026-07-04T11:19:40.483Z
Farina meets Mehl,,,,,4.8,19,2,1,30,140,965,11,20,11 bis 20 Bewertungen aufgrund von Beschwerden wegen Diffamierung entfernt,,,,operational,,,53.5591619,9.9249322,"https://www.google.com/maps/place/Farina+meets+Mehl/@53.5591619,9.9249322,17z/data=!3m1!5s0x47b185922702ff5b:0x7230693f00765780!4m8!3m7!1s0x47b1859227c99e73:0xafca0703780b9a9e!8m2!3d53.5591619!4d9.9249322!9m1!1b1!16s%2Fg%2F1hm45k431?entry=ttu&g_ep=EgoyMDI2MDYyOS4wIKXMDSoASAFQAw%3D%3D",0x47b1859227c99e73:0xafca0703780b9a9e,v0.9,2026-07-04T14:12:35.754Z
Autoland Niederlassung Hamburg,,,,,4.8,2,1,1,7,7,110,11,20,11 bis 20 Bewertungen aufgrund von Beschwerden wegen Diffamierung entfernt,,,,operational,,,53.5690182,9.9181697,"https://www.google.com/maps/place/Autoland+Niederlassung+Hamburg/@53.5690182,9.9181697,17z/data=!4m8!3m7!1s0x47b185a053640da9:0x5f22e28b6b0116b6!8m2!3d53.5690182!4d9.9181697!9m1!1b1!16s%2Fg%2F11xg__559k?entry=ttu&g_ep=EgoyMDI2MDYyOS4wIKXMDSoASAFQAw%3D%3D",0x47b185a053640da9:0x5f22e28b6b0116b6,v0.9,2026-07-04T12:21:21.011Z
Zahnklinik - MVZ Dentologicum 290,,,,,4.7,7,6,1,0,10,120,21,50,21 bis 50 Bewertungen aufgrund von Beschwerden wegen Diffamierung entfernt,,,,operational,,,53.5598489,9.9107867,"https://www.google.com/maps/place/Zahnklinik+-+MVZ+Dentologicum+290/@53.5598489,9.9107867,17z/data=!3m1!5s0x47b18414d33ebc99:0x38f5aa703608ba00!4m8!3m7!1s0x47b185bde03db2df:0xefc4ec3fe68a277d!8m2!3d53.5598489!4d9.9107867!9m1!1b1!16s%2Fg%2F1tl9lmy8?entry=ttu&g_ep=EgoyMDI2MDYyOS4wIKXMDSoASAFQAw%3D%3D",0x47b185bde03db2df:0xefc4ec3fe68a277d,v0.9,2026-07-04T10:29:26.390Z
Das Bauernhaus,,,,,4.4,9,3,1,36,92,172,51,100,51 bis 100 Bewertungen aufgrund von Beschwerden wegen Diffamierung entfernt,,,,operational,,,53.5805396,9.9057144,"https://www.google.com/maps/place/Das+Bauernhaus/@53.5805396,9.9057144,17z/data=!4m8!3m7!1s0x47b185da733e1c89:0xb27fd438691db14c!8m2!3d53.5805396!4d9.9057144!9m1!1b1!16s%2Fg%2F1vq9lbgt?entry=ttu&g_ep=EgoyMDI2MDYyOS4wIKXMDSoASAFQAw%3D%3D",0x47b185da733e1c89:0xb27fd438691db14c,v0.9,2026-07-04T13:49:29.011Z
Lady Fitness Center - Frauen Fitnessstudio in Hamburg Altona,,,,,4.9,4,0,0,0,14,93,11,20,11 bis 20 Bewertungen aufgrund von Beschwerden wegen Diffamierung entfernt,,,,operational,,,53.5511668,9.9388507,"https://www.google.com/maps/place/Lady+Fitness+Center+-+Frauen+Fitnessstudio+in+Hamburg+Altona/@53.5511668,9.9388507,17z/data=!4m8!3m7!1s0x47b185f01724dffd:0x1223e931d2e862d5!8m2!3d53.5511668!4d9.9388507!9m1!1b1!16s%2Fg%2F1td7mc4_?entry=ttu&g_ep=EgoyMDI2MDYyOS4wIKXMDSoASAFQAw%3D%3D",0x47b185f01724dffd:0x1223e931d2e862d5,v0.9,2026-07-04T13:29:18.121Z
Tecius und Reimers Automobile oHG,,,,,4.7,64,23,1,5,78,439,51,100,51 bis 100 Bewertungen aufgrund von Beschwerden wegen Diffamierung entfernt,,,,operational,,,53.6242668,9.9097315,"https://www.google.com/maps/place/Tecius+und+Reimers+Automobile+oHG/@53.6242668,9.9097315,17z/data=!4m8!3m7!1s0x47b18656536cbabd:0x8091b6d0d7837e83!8m2!3d53.6242668!4d9.9097315!9m1!1b1!16s%2Fg%2F1tfn1sq9?entry=ttu&g_ep=EgoyMDI2MDYyOS4wIKXMDSoASAFQAw%3D%3D",0x47b18656536cbabd:0x8091b6d0d7837e83,v0.9,2026-07-04T12:26:15.894Z
Ess-Bahn Döner,,,,,4.5,3,12,5,4,146,277,250,,Über 250 Bewertungen aufgrund von Beschwerden wegen Diffamierung entfernt,,,,operational,,,53.6036003,9.8930469,"https://www.google.com/maps/place/Ess-Bahn+D%C3%B6ner/@53.6036003,9.8930469,17z/data=!4m8!3m7!1s0x47b1868915267187:0x58a8b235c125f6c7!8m2!3d53.6036003!4d9.8930469!9m1!1b1!16s%2Fg%2F11bw67yblb?entry=ttu&g_ep=EgoyMDI2MDYyOS4wIKXMDSoASAFQAw%3D%3D",0x47b1868915267187:0x58a8b235c125f6c7,v0.9,2026-07-04T14:26:37.903Z
Lashanh / Hamburg,,,,,4.7,5,1,5,6,4,103,11,20,11 bis 20 Bewertungen aufgrund von Beschwerden wegen Diffamierung entfernt,,,,operational,,,53.6092071,9.9044999,"https://www.google.com/maps/place/Lashanh+%2F+Hamburg/@53.6092071,9.9044999,17z/data=!4m8!3m7!1s0x47b187952f9e9701:0xc39b627d814a4b1c!8m2!3d53.6092071!4d9.9044999!9m1!1b1!16s%2Fg%2F11l9_b453s?entry=ttu&g_ep=EgoyMDI2MDYyOS4wIKXMDSoASAFQAw%3D%3D",0x47b187952f9e9701:0xc39b627d814a4b1c,v0.9,2026-07-04T13:25:11.724Z
Tibarg Kebap Haus,,,,,4.8,147,6,4,3,138,586,151,200,151 bis 200 Bewertungen aufgrund von Beschwerden wegen Diffamierung entfernt,,,,operational,,,53.6197042,9.9522937,"https://www.google.com/maps/place/Tibarg+Kebap+Haus/@53.6197042,9.9522937,17z/data=!3m1!5s0x47b1862e6d2acff7:0x6f655b40b1a47d3d!4m8!3m7!1s0x47b187efdd6e0417:0x2a5e8cd4e902897b!8m2!3d53.6197042!4d9.9522937!9m1!1b1!16s%2Fg%2F11cm9g3bnz?entry=ttu&g_ep=EgoyMDI2MDYyOS4wIKXMDSoASAFQAw%3D%3D",0x47b187efdd6e0417:0x2a5e8cd4e902897b,v0.9,2026-07-04T14:26:26.455Z
The vets at Grandweg 68 GmbH,,,,,4.6,2,15,4,13,36,252,11,20,11 bis 20 Bewertungen aufgrund von Beschwerden wegen Diffamierung entfernt,,,,operational,,,53.5925327,9.9605683,"https://www.google.com/maps/place/The+vets+at+Grandweg+68+GmbH/@53.5925327,9.9605683,17z/data=!3m1!5s0x47b188a8bfc19f03:0x2bc4fe906fda11d0!4m8!3m7!1s0x47b188a895712ecf:0x38b1b3e55937e06d!8m2!3d53.5925327!4d9.9605683!9m1!1b1!16s%2Fg%2F1tt1rrkd?entry=ttu&g_ep=EgoyMDI2MDYyOS4wIKXMDSoASAFQAw%3D%3D",0x47b188a895712ecf:0x38b1b3e55937e06d,v0.9,2026-07-04T11:10:05.145Z
Sel Kebap's,,,,,4.7,423,5,5,110,249,1073,21,50,21 bis 50 Bewertungen aufgrund von Beschwerden wegen Diffamierung entfernt,,,,operational,,,53.5841667,9.9686111,"https://www.google.com/maps/place/Sel+Kebap's/@53.5841667,9.9686111,17z/data=!4m8!3m7!1s0x47b188b2932392cb:0xcf36aef976c6898f!8m2!3d53.5841667!4d9.9686111!9m1!1b1!16s%2Fg%2F11btn18c7l?entry=ttu&g_ep=EgoyMDI2MDYyOS4wIKXMDSoASAFQAw%3D%3D",0x47b188b2932392cb:0xcf36aef976c6898f,v0.9,2026-07-04T14:41:19.732Z
Restaurant IRODION,,,,,4.7,2,2,1,2,171,519,11,20,11 bis 20 Bewertungen aufgrund von Beschwerden wegen Diffamierung entfernt,,,,operational,,,53.5952799,10.0001458,"https://www.google.com/maps/place/Restaurant+IRODION/@53.5952799,10.0001458,17z/data=!4m8!3m7!1s0x47b188c4b12007e1:0xb3262b963eda090!8m2!3d53.5952799!4d10.0001458!9m1!1b1!16s%2Fg%2F1trsx15q?entry=ttu&g_ep=EgoyMDI2MDYyOS4wIKXMDSoASAFQAw%3D%3D",0x47b188c4b12007e1:0xb3262b963eda090,v0.9,2026-07-04T14:10:17.378Z
Big Bull Steak House,,,,,4.7,14,3,2,2,294,825,51,100,51 bis 100 Bewertungen aufgrund von Beschwerden wegen Diffamierung entfernt,,,,operational,,,53.5509349,9.9796672,"https://www.google.com/maps/place/Big+Bull+Steak+House/@53.5509349,9.9796672,17z/data=!4m8!3m7!1s0x47b188daf1d594db:0x4b0f9cdb626ce10f!8m2!3d53.5509349!4d9.9796672!9m1!1b1!16s%2Fg%2F1tcxc7rd?entry=ttu&g_ep=EgoyMDI2MDYyOS4wIKXMDSoASAFQAw%3D%3D",0x47b188daf1d594db:0x4b0f9cdb626ce10f,v0.9,2026-07-04T14:06:27.452Z
Kalliopea - Mediterranean kitchen in Hamburg Barmbek,,,,,4.7,2,0,11,28,114,607,11,20,11 bis 20 Bewertungen aufgrund von Beschwerden wegen Diffamierung entfernt,,,,operational,,,53.5983082,10.0381493,"https://www.google.com/maps/place/Kalliopea+-+Mediterranean+kitchen+in+Hamburg+Barmbek/@53.5983082,10.0381493,17z/data=!4m8!3m7!1s0x47b1893d8af053ad:0x340df1939c228f49!8m2!3d53.5983082!4d10.0381493!9m1!1b1!16s%2Fg%2F1thvf_fy?entry=ttu&g_ep=EgoyMDI2MDYyOS4wIKXMDSoASAFQAw%3D%3D",0x47b1893d8af053ad:0x340df1939c228f49,v0.9,2026-07-04T14:13:30.346Z
Marita Autohaus GmbH,,,,,4.7,8,8,1,0,4,105,21,50,21 bis 50 Bewertungen aufgrund von Beschwerden wegen Diffamierung entfernt,,,,operational,,,53.5881748,10.0965591,"https://www.google.com/maps/place/Marita+Autohaus+GmbH/@53.5881748,10.0965591,17z/data=!3m1!5s0x47b18be950c57911:0x40ab480749df57ac!4m8!3m7!1s0x47b189442f93f745:0x9d9232b9f264c01!8m2!3d53.5881748!4d10.0965591!9m1!1b1!16s%2Fg%2F11gdrj1yyg?entry=ttu&g_ep=EgoyMDI2MDYyOS4wIKXMDSoASAFQAw%3D%3D",0x47b189442f93f745:0x9d9232b9f264c01,v0.9,2026-07-04T12:17:53.393Z
TRC Automobile GmbH Hamburg,,,,,4.8,2,1,0,5,7,90,11,20,11 bis 20 Bewertungen aufgrund von Beschwerden wegen Diffamierung entfernt,,,,operational,,,53.6421753,10.0123265,"https://www.google.com/maps/place/TRC+Automobile+GmbH+Hamburg/@53.6421753,10.0123265,17z/data=!4m8!3m7!1s0x47b18950356136b7:0x8b9a1a4863581d4e!8m2!3d53.6421753!4d10.0123265!9m1!1b1!16s%2Fg%2F11gsn07m50?entry=ttu&g_ep=EgoyMDI2MDYyOS4wIKXMDSoASAFQAw%3D%3D",0x47b18950356136b7:0x8b9a1a4863581d4e,v0.9,2026-07-04T12:10:47.693Z
"B. Sperling & Sohn GmbH Ford & Fiat Vertragswerkstatt, Mitsubishi & GWM Ora Wey Händler",,,,,4.6,10,5,1,19,46,212,11,20,11 bis 20 Bewertungen aufgrund von Beschwerden wegen Diffamierung entfernt,,,,operational,,,53.550682,10.042193,"https://www.google.com/maps/place/B.+Sperling+%26+Sohn+GmbH+Ford+%26+Fiat+Vertragswerkstatt,+Mitsubishi+%26+GWM+Ora%2BWey+H%C3%A4ndler/@53.550682,10.042193,17z/data=!4m8!3m7!1s0x47b189539d9d32bd:0xc5de3ed7e2d0d98f!8m2!3d53.550682!4d10.042193!9m1!1b1!16s%2Fg%2F1tdn_j3t?entry=ttu&g_ep=EgoyMDI2MDYyOS4wIKXMDSoASAFQAw%3D%3D",0x47b189539d9d32bd:0xc5de3ed7e2d0d98f,v0.9,2026-07-04T12:18:50.029Z
Kreutziger Automobile GmbH,,,,,4.7,13,4,0,11,28,192,21,50,21 bis 50 Bewertungen aufgrund von Beschwerden wegen Diffamierung entfernt,,,,operational,,,53.5972758,10.0721913,"https://www.google.com/maps/place/Kreutziger+Automobile+GmbH/@53.5972758,10.0721913,17z/data=!4m8!3m7!1s0x47b18960c2dbaa51:0x879977ae31bd176!8m2!3d53.5972758!4d10.0721913!9m1!1b1!16s%2Fg%2F1tj5k622?entry=ttu&g_ep=EgoyMDI2MDYyOS4wIKXMDSoASAFQAw%3D%3D",0x47b18960c2dbaa51:0x879977ae31bd176,v0.9,2026-07-04T12:15:50.721Z
Dr.med.vet. Koball-Menin Dunja,,,,,4.8,2,2,0,1,4,64,11,20,11 bis 20 Bewertungen aufgrund von Beschwerden wegen Diffamierung entfernt,,,,operational,,,53.6180898,10.1409996,"https://www.google.com/maps/place/Dr.med.vet.+Koball-Menin+Dunja/@53.6180898,10.1409996,17z/data=!4m8!3m7!1s0x47b18a568c1629b7:0x561c1facf458c244!8m2!3d53.6180898!4d10.1409996!9m1!1b1!16s%2Fg%2F11bzyqz85q?entry=ttu&g_ep=EgoyMDI2MDYyOS4wIKXMDSoASAFQAw%3D%3D",0x47b18a568c1629b7:0x561c1facf458c244,v0.9,2026-07-04T11:16:31.835Z
Sports Club Volksdorf (Royal Sports Spirit),,,,,4.8,13,5,6,3,28,357,11,20,11 bis 20 Bewertungen aufgrund von Beschwerden wegen Diffamierung entfernt,,,,operational,,,53.6473151,10.1696578,"https://www.google.com/maps/place/Sports+Club+Volksdorf+(Royal+Sports+Spirit)/@53.6473151,10.1696578,17z/data=!3m1!5s0x47b18a83622c5313:0x99732da74bd8bd59!4m8!3m7!1s0x47b18a836231e54b:0xf825c5461e5273d0!8m2!3d53.6473151!4d10.1696578!9m1!1b1!16s%2Fg%2F1tjppk86?entry=ttu&g_ep=EgoyMDI2MDYyOS4wIKXMDSoASAFQAw%3D%3D",0x47b18a836231e54b:0xf825c5461e5273d0,v0.9,2026-07-04T13:28:51.804Z
Autohaus Michael GmbH & Co.KG,,,,,4.3,16,8,18,23,45,173,51,100,51 bis 100 Bewertungen aufgrund von Beschwerden wegen Diffamierung entfernt,,,,operational,,,53.5737534,10.1048766,"https://www.google.com/maps/place/Autohaus+Michael+GmbH+%26+Co.KG/@53.5737534,10.1048766,17z/data=!4m8!3m7!1s0x47b18b8bb1879065:0x8846c714b35e9a98!8m2!3d53.5737534!4d10.1048766!9m1!1b1!16s%2Fg%2F1td_9r5z?entry=ttu&g_ep=EgoyMDI2MDYyOS4wIKXMDSoASAFQAw%3D%3D",0x47b18b8bb1879065:0x8846c714b35e9a98,v0.9,2026-07-04T12:23:06.677Z
Sports Club Wandsbek,,,,,4.9,73,9,3,5,195,1593,51,100,51 bis 100 Bewertungen aufgrund von Beschwerden wegen Diffamierung entfernt,,,,operational,,,53.5882516,10.0967921,"https://www.google.com/maps/place/Sports+Club+Wandsbek/@53.5882516,10.0967921,17z/data=!3m1!5s0x47b18be950c57911:0x40ab480749df57ac!4m8!3m7!1s0x47b18bebfdb773af:0xf32ea65c891fbd19!8m2!3d53.5882516!4d10.0967921!9m1!1b1!16s%2Fg%2F1ttdxhkk?entry=ttu&g_ep=EgoyMDI2MDYyOS4wIKXMDSoASAFQAw%3D%3D",0x47b18bebfdb773af:0xf32ea65c891fbd19,v0.9,2026-07-04T13:30:07.404Z
NI HAO,,,,,4.5,49,10,13,76,252,642,11,20,11 bis 20 Bewertungen aufgrund von Beschwerden wegen Diffamierung entfernt,,,,operational,,,53.575221,10.074409,"https://www.google.com/maps/place/NI+HAO/@53.575221,10.074409,17z/data=!4m8!3m7!1s0x47b18bff103418fb:0x40029a0abd5b2600!8m2!3d53.575221!4d10.074409!9m1!1b1!16s%2Fg%2F1td2ljsx?entry=ttu&g_ep=EgoyMDI2MDYyOS4wIKXMDSoASAFQAw%3D%3D",0x47b18bff103418fb:0x40029a0abd5b2600,v0.9,2026-07-04T13:55:56.220Z
Tierarztpraxis Am Eichtalpark,,,,,4.6,2,13,6,5,24,199,21,50,21 bis 50 Bewertungen aufgrund von Beschwerden wegen Diffamierung entfernt,,,,operational,,,53.5748007,10.0735596,"https://www.google.com/maps/place/Tierarztpraxis+Am+Eichtalpark/@53.5748007,10.0735596,17z/data=!3m1!5s0x47b18bff0d1dca8d:0xc205a63fc85f43a2!4m8!3m7!1s0x47b18bff72ae57c5:0xf445edfc70064d71!8m2!3d53.5748007!4d10.0735596!9m1!1b1!16s%2Fg%2F1tfbmck8?entry=ttu&g_ep=EgoyMDI2MDYyOS4wIKXMDSoASAFQAw%3D%3D",0x47b18bff72ae57c5:0xf445edfc70064d71,v0.9,2026-07-04T11:12:26.631Z
Zahnarztpraxis Evgenij Veprik & Partner,,,,,4.9,2,0,2,1,2,77,11,20,11 bis 20 Bewertungen aufgrund von Beschwerden wegen Diffamierung entfernt,,,,operational,,,53.5413322,10.1022748,"https://www.google.com/maps/place/Zahnarztpraxis+Evgenij+Veprik+%26+Partner/@53.5413322,10.1022748,17z/data=!4m8!3m7!1s0x47b18c5b2c8ce8c1:0x257f83d151310ed8!8m2!3d53.5413322!4d10.1022748!9m1!1b1!16s%2Fg%2F1v9l9v6_?entry=ttu&g_ep=EgoyMDI2MDYyOS4wIKXMDSoASAFQAw%3D%3D",0x47b18c5b2c8ce8c1:0x257f83d151310ed8,v0.9,2026-07-04T10:34:00.684Z
Blaue Adria,,,,,4.7,2,0,0,29,78,346,21,50,21 bis 50 Bewertungen aufgrund von Beschwerden wegen Diffamierung entfernt,,,,operational,,,53.5351288,10.0416977,"https://www.google.com/maps/place/Blaue+Adria/@53.5351288,10.0416977,17z/data=!4m8!3m7!1s0x47b18e864b6c364d:0x53c1aeb013ab16a1!8m2!3d53.5351288!4d10.0416977!9m1!1b1!16s%2Fg%2F11bvt8m48g?entry=ttu&g_ep=EgoyMDI2MDYyOS4wIKXMDSoASAFQAw%3D%3D",0x47b18e864b6c364d:0x53c1aeb013ab16a1,v0.9,2026-07-04T13:51:34.222Z
Eye doctor Hamburg Mahmoud Saadat,,,,,3.5,6,41,14,5,14,78,21,50,21 bis 50 Bewertungen aufgrund von Beschwerden wegen Diffamierung entfernt,,,,operational,,,53.5631446,10.0350236,"https://www.google.com/maps/place/Eye+doctor+Hamburg+Mahmoud+Saadat/@53.5631446,10.0350236,17z/data=!4m8!3m7!1s0x47b18eaf274113ef:0x4e8094635d0605cc!8m2!3d53.5631446!4d10.0350236!9m1!1b1!16s%2Fg%2F1tsjcqdh?entry=ttu&g_ep=EgoyMDI2MDYyOS4wIKXMDSoASAFQAw%3D%3D",0x47b18eaf274113ef:0x4e8094635d0605cc,v0.9,2026-07-04T10:47:15.210Z
Drive Pizza,,,,,4.8,2,1,0,0,3,39,21,50,21 bis 50 Bewertungen aufgrund von Beschwerden wegen Diffamierung entfernt,,,,operational,,,53.5580132,10.0357999,"https://www.google.com/maps/place/Drive+Pizza/@53.5580132,10.0357999,17z/data=!3m1!5s0x47b18ebf050ea1c3:0x3fe0b1923e43bc9c!4m8!3m7!1s0x47b18ebf0440eac1:0x15befaf92a9bebeb!8m2!3d53.5580132!4d10.0357999!9m1!1b1!16s%2Fg%2F1tfc11_m?entry=ttu&g_ep=EgoyMDI2MDYyOS4wIKXMDSoASAFQAw%3D%3D",0x47b18ebf0440eac1:0x15befaf92a9bebeb,v0.9,2026-07-04T14:32:53.297Z
Anleger 1870,,,,,4.7,22,37,35,130,297,1995,51,100,51 bis 100 Bewertungen aufgrund von Beschwerden wegen Diffamierung entfernt,,,,operational,,,53.5658379,10.0192505,"https://www.google.com/maps/place/Anleger+1870/@53.5658379,10.0192505,17z/data=!4m8!3m7!1s0x47b18edab8e8a7df:0xe87cd1f973f59df!8m2!3d53.5658379!4d10.0192505!9m1!1b1!16s%2Fg%2F1v76yq6m?entry=ttu&g_ep=EgoyMDI2MDYyOS4wIKXMDSoASAFQAw%3D%3D",0x47b18edab8e8a7df:0xe87cd1f973f59df,v0.9,2026-07-04T14:15:30.671Z
Köz Antep Restaurant,,,,,4.4,132,31,9,59,105,382,101,150,101 bis 150 Bewertungen aufgrund von Beschwerden wegen Diffamierung entfernt,,,,operational,,,53.5529553,10.0102774,"https://www.google.com/maps/place/K%C3%B6z+Antep+Restaurant/@53.5529553,10.0102774,17z/data=!4m8!3m7!1s0x47b18ee6ed4d88f7:0x74dc7c270784bbec!8m2!3d53.5529553!4d10.0102774!9m1!1b1!16s%2Fg%2F11dd_n__9z?entry=ttu&g_ep=EgoyMDI2MDYyOS4wIKXMDSoASAFQAw%3D%3D",0x47b18ee6ed4d88f7:0x74dc7c270784bbec,v0.9,2026-07-04T14:24:52.123Z
Haus des Döners,,,,,4.4,4,10,9,22,38,165,11,20,11 bis 20 Bewertungen aufgrund von Beschwerden wegen Diffamierung entfernt,,,,operational,,,53.5602676,9.9636524,"https://www.google.com/maps/place/Haus+des+D%C3%B6ners/@53.5602676,9.9636524,17z/data=!3m1!5s0x47b18f69ddb4cb3d:0xb0f8b1596132af12!4m8!3m7!1s0x47b18f003bfc810b:0xe33a378a8586bf1f!8m2!3d53.5602676!4d9.9636524!9m1!1b1!16s%2Fg%2F11y458x21y?entry=ttu&g_ep=EgoyMDI2MDYyOS4wIKXMDSoASAFQAw%3D%3D",0x47b18f003bfc810b:0xe33a378a8586bf1f,v0.9,2026-07-04T14:24:23.681Z
Olá Lisboa,,,,,4.6,276,149,24,170,1345,4797,250,,Über 250 Bewertungen aufgrund von Beschwerden wegen Diffamierung entfernt,,,,operational,,,53.546087,9.975282,"https://www.google.com/maps/place/Ol%C3%A1+Lisboa/@53.546087,9.975282,17z/data=!4m8!3m7!1s0x47b18f0c2a35318b:0x178a08d5f25eb399!8m2!3d53.546087!4d9.975282!9m1!1b1!16s%2Fg%2F11cm6dly66?entry=ttu&g_ep=EgoyMDI2MDYyOS4wIKXMDSoASAFQAw%3D%3D",0x47b18f0c2a35318b:0x178a08d5f25eb399,v0.9,2026-07-04T14:06:36.880Z
Old Commercial Room,,,,,4.7,295,22,7,96,449,1663,51,100,51 bis 100 Bewertungen aufgrund von Beschwerden wegen Diffamierung entfernt,,,,operational,,,53.5482843,9.9778089,"https://www.google.com/maps/place/Old+Commercial+Room/@53.5482843,9.9778089,17z/data=!3m1!5s0x47b18f0e19470035:0x47be3c434c96d2d2!4m8!3m7!1s0x47b18f0e18917fe3:0x75bfe7934caad472!8m2!3d53.5482843!4d9.9778089!9m1!1b1!16s%2Fg%2F1td7gsyz?entry=ttu&g_ep=EgoyMDI2MDYyOS4wIKXMDSoASAFQAw%3D%3D",0x47b18f0e18917fe3:0x75bfe7934caad472,v0.9,2026-07-04T14:08:05.776Z
Restaurant D. José - Portugiesenviertel,,,,,4.5,17,32,20,526,1511,3245,21,50,21 bis 50 Bewertungen aufgrund von Beschwerden wegen Diffamierung entfernt,,,,operational,,,53.5459316,9.9758931,"https://www.google.com/maps/place/Restaurant+D.+Jos%C3%A9+-+Portugiesenviertel/@53.5459316,9.9758931,17z/data=!3m1!5s0x47b18f0e8123b7d1:0xc17dec5c2e08bdd8!4m8!3m7!1s0x47b18f0e81af980d:0xdc1202a483ddbba6!8m2!3d53.5459316!4d9.9758931!9m1!1b1!16s%2Fg%2F1tff6nxv?entry=ttu&g_ep=EgoyMDI2MDYyOS4wIKXMDSoASAFQAw%3D%3D",0x47b18f0e81af980d:0xdc1202a483ddbba6,v0.9,2026-07-04T14:07:05.221Z
Das Feuerschiff LV 13,,,,,4.6,3709,10,13,260,1007,2419,151,200,151 bis 200 Bewertungen aufgrund von Beschwerden wegen Diffamierung entfernt,,,,operational,,,53.5434955,9.9787231,"https://www.google.com/maps/place/Das+Feuerschiff+LV+13/@53.5434955,9.9787231,17z/data=!4m11!3m10!1s0x47b18f0edc403d03:0xcf96c498cbfbff70!5m2!4m1!1i2!8m2!3d53.5434955!4d9.9787231!9m1!1b1!16s%2Fg%2F1tfgng8z?entry=ttu&g_ep=EgoyMDI2MDYyOS4wIKXMDSoASAFQAw%3D%3D",0x47b18f0edc403d03:0xcf96c498cbfbff70,v0.9,2026-07-04T14:01:12.136Z
Restaurant September,,,,,4.6,30,21,7,82,659,1415,250,,Über 250 Bewertungen aufgrund von Beschwerden wegen Diffamierung entfernt,,,,operational,,,53.5567539,9.9748471,"https://www.google.com/maps/place/Restaurant+September/@53.5567539,9.9748471,17z/data=!4m8!3m7!1s0x47b18f14fc9e6041:0x8d66f3529cb6e591!8m2!3d53.5567539!4d9.9748471!9m1!1b1!16s%2Fg%2F1xgz9vr9?entry=ttu&g_ep=EgoyMDI2MDYyOS4wIKXMDSoASAFQAw%3D%3D",0x47b18f14fc9e6041:0x8d66f3529cb6e591,v0.9,2026-07-04T14:09:11.503Z
Quán 99,,,,,4.6,3,7,8,17,42,218,11,20,11 bis 20 Bewertungen aufgrund von Beschwerden wegen Diffamierung entfernt,,,,operational,,,53.5744224,10.0586174,"https://www.google.com/maps/place/Qu%C3%A1n+99/@53.5744224,10.0586174,17z/data=!3m1!5s0x47b18eacd27187a9:0x54ecf39a7a3091c!4m8!3m7!1s0x47b18f193490827b:0x85ab3e7afdfdaf72!8m2!3d53.5744224!4d10.0586174!9m1!1b1!16s%2Fg%2F11shfdtkn2?entry=ttu&g_ep=EgoyMDI2MDYyOS4wIKXMDSoASAFQAw%3D%3D",0x47b18f193490827b:0x85ab3e7afdfdaf72,v0.9,2026-07-04T13:58:39.629Z
MKG Praxis Dr. Dr. Abadi,,,,,4.6,2,10,0,5,7,140,11,20,11 bis 20 Bewertungen aufgrund von Beschwerden wegen Diffamierung entfernt,,,,operational,,,53.5734175,10.0640388,"https://www.google.com/maps/place/MKG+Praxis+Dr.+Dr.+Abadi/@53.5734175,10.0640388,17z/data=!4m8!3m7!1s0x47b18f1df6737915:0x1ebf36bb51e27df4!8m2!3d53.5734175!4d10.0640388!9m1!1b1!16s%2Fg%2F12hxchj60?entry=ttu&g_ep=EgoyMDI2MDYyOS4wIKXMDSoASAFQAw%3D%3D",0x47b18f1df6737915:0x1ebf36bb51e27df4,v0.9,2026-07-04T10:27:32.965Z
Sports Club Hafencity,,,,,4.9,6,1,1,0,11,218,21,50,21 bis 50 Bewertungen aufgrund von Beschwerden wegen Diffamierung entfernt,,,,operational,,,53.5393433,10.0011116,"https://www.google.com/maps/place/Sports+Club+Hafencity/@53.5393433,10.0011116,17z/data=!4m8!3m7!1s0x47b18f256c4a2467:0x4a4683a2494297dd!8m2!3d53.5393433!4d10.0011116!9m1!1b1!16s%2Fg%2F11vlpybkpq?entry=ttu&g_ep=EgoyMDI2MDYyOS4wIKXMDSoASAFQAw%3D%3D",0x47b18f256c4a2467:0x4a4683a2494297dd,v0.9,2026-07-04T13:47:17.237Z
bock auf asia,,,,,4.7,5,4,2,3,16,107,21,50,21 bis 50 Bewertungen aufgrund von Beschwerden wegen Diffamierung entfernt,,,,operational,,,53.5608975,9.9480407,"https://www.google.com/maps/place/bock+auf+asia/@53.5608975,9.9480407,17z/data=!4m8!3m7!1s0x47b18f2b4b217b5d:0x6ffe19de28e9055e!8m2!3d53.5608975!4d9.9480407!9m1!1b1!16s%2Fg%2F11kk615q6r?entry=ttu&g_ep=EgoyMDI2MDYyOS4wIKXMDSoASAFQAw%3D%3D",0x47b18f2b4b217b5d:0x6ffe19de28e9055e,v0.9,2026-07-04T14:39:07.446Z
Pamukkale Köz Schanze,,,,,4.8,52,11,7,43,884,4660,51,100,51 bis 100 Bewertungen aufgrund von Beschwerden wegen Diffamierung entfernt,,,,operational,,,53.562383,9.9633597,"https://www.google.com/maps/place/Pamukkale+K%C3%B6z+Schanze/@53.562383,9.9633597,17z/data=!4m8!3m7!1s0x47b18f425b77951b:0xe77d07c46336faf2!8m2!3d53.562383!4d9.9633597!9m1!1b1!16s%2Fg%2F1tffykcl?entry=ttu&g_ep=EgoyMDI2MDYyOS4wIKXMDSoASAFQAw%3D%3D",0x47b18f425b77951b:0xe77d07c46336faf2,v0.9,2026-07-04T14:40:04.144Z
HomeCompany Hamburg,,,,,4.5,2,3,0,0,3,26,11,20,11 bis 20 Bewertungen aufgrund von Beschwerden wegen Diffamierung entfernt,,,,operational,,,53.5643715,9.9599813,"https://www.google.com/maps/place/HomeCompany+Hamburg/@53.5643715,9.9599813,17z/data=!4m8!3m7!1s0x47b18f432db99f81:0x352d1e684ad44827!8m2!3d53.5643715!4d9.9599813!9m1!1b1!16s%2Fg%2F1tdn7qr_?entry=ttu&g_ep=EgoyMDI2MDYyOS4wIKXMDSoASAFQAw%3D%3D",0x47b18f432db99f81:0x352d1e684ad44827,v0.9,2026-07-04T12:01:35.276Z
Il Siciliano,,,,,4.7,2,10,7,9,96,385,51,100,51 bis 100 Bewertungen aufgrund von Beschwerden wegen Diffamierung entfernt,,,,operational,,,53.5550206,9.9802777,"https://www.google.com/maps/place/Il+Siciliano/@53.5550206,9.9802777,17z/data=!4m8!3m7!1s0x47b18f496a8369bb:0xda7ac89c5bd06b31!8m2!3d53.5550206!4d9.9802777!9m1!1b1!16s%2Fg%2F11rnhx442g?entry=ttu&g_ep=EgoyMDI2MDYyOS4wIKXMDSoASAFQAw%3D%3D",0x47b18f496a8369bb:0xda7ac89c5bd06b31,v0.9,2026-07-04T14:08:15.215Z
Cats Only veterinary practice for Cats,,,,,4.9,5,0,0,0,19,241,21,50,21 bis 50 Bewertungen aufgrund von Beschwerden wegen Diffamierung entfernt,,,,operational,,,53.5715083,9.9588278,"https://www.google.com/maps/place/Cats+Only+veterinary+practice+for+Cats/@53.5715083,9.9588278,17z/data=!4m8!3m7!1s0x47b18f5a88a725df:0x3b16dec92c1cdaa0!8m2!3d53.5715083!4d9.9588278!9m1!1b1!16s%2Fg%2F1thx7nvt?entry=ttu&g_ep=EgoyMDI2MDYyOS4wIKXMDSoASAFQAw%3D%3D",0x47b18f5a88a725df:0x3b16dec92c1cdaa0,v0.9,2026-07-04T11:15:16.450Z
Dr. med. dent. Ingo G. Drong,,,,,4.9,2,2,0,0,0,68,11,20,11 bis 20 Bewertungen aufgrund von Beschwerden wegen Diffamierung entfernt,,,,operational,,,53.5615333,9.9487477,"https://www.google.com/maps/place/Dr.+med.+dent.+Ingo+G.+Drong/@53.5615333,9.9487477,17z/data=!3m1!5s0x47b18f60987cbb79:0x6898f7a65e013d22!4m8!3m7!1s0x47b18f60981c1751:0xdf85505a56269cce!8m2!3d53.5615333!4d9.9487477!9m1!1b1!16s%2Fg%2F1thhjkqc?entry=ttu&g_ep=EgoyMDI2MDYyOS4wIKXMDSoASAFQAw%3D%3D",0x47b18f60981c1751:0xdf85505a56269cce,v0.9,2026-07-04T10:33:13.403Z
Herzstück,,,,,4.7,8,2,2,50,114,501,21,50,21 bis 50 Bewertungen aufgrund von Beschwerden wegen Diffamierung entfernt,,,,operational,,,53.5739802,9.9618372,"https://www.google.com/maps/place/Herzst%C3%BCck/@53.5739802,9.9618372,17z/data=!4m8!3m7!1s0x47b18f62d230c223:0xf7b2590268e9aae3!8m2!3d53.5739802!4d9.9618372!9m1!1b1!16s%2Fg%2F11jkbqzrnf?entry=ttu&g_ep=EgoyMDI2MDYyOS4wIKXMDSoASAFQAw%3D%3D",0x47b18f62d230c223:0xf7b2590268e9aae3,v0.9,2026-07-04T13:59:39.605Z
BurgerVision Smashburger - HH Eimsbüttel,,,,,4.5,16,26,1,98,157,581,101,150,101 bis 150 Bewertungen aufgrund von Beschwerden wegen Diffamierung entfernt,,,,operational,,,53.5679231,9.9800341,"https://www.google.com/maps/place/BurgerVision+Smashburger+-+HH+Eimsb%C3%BCttel/@53.5679231,9.9800341,17z/data=!4m8!3m7!1s0x47b18f6ff525a0cb:0xdfa02d0a79e73e02!8m2!3d53.5679231!4d9.9800341!9m1!1b1!16s%2Fg%2F11sw0x1rl0?entry=ttu&g_ep=EgoyMDI2MDYyOS4wIKXMDSoASAFQAw%3D%3D",0x47b18f6ff525a0cb:0xdfa02d0a79e73e02,v0.9,2026-07-04T14:39:45.250Z
KÖZ ANTEP GÜLBABA,,,,,4.6,130,69,6,13,286,1092,250,,Über 250 Bewertungen aufgrund von Beschwerden wegen Diffamierung entfernt,,,,operational,,,53.5493658,9.9589596,"https://www.google.com/maps/place/K%C3%96Z+ANTEP+G%C3%9CLBABA/@53.5493658,9.9589596,17z/data=!4m8!3m7!1s0x47b18f7220a80631:0xeb1209d6202b392d!8m2!3d53.5493658!4d9.9589596!9m1!1b1!16s%2Fg%2F1tt1g8hh?entry=ttu&g_ep=EgoyMDI2MDYyOS4wIKXMDSoASAFQAw%3D%3D",0x47b18f7220a80631:0xeb1209d6202b392d,v0.9,2026-07-04T14:39:54.706Z
Der Kebap,,,,,4.7,17,10,2,37,99,628,11,20,11 bis 20 Bewertungen aufgrund von Beschwerden wegen Diffamierung entfernt,,,,operational,,,53.5367005,10.0337695,"https://www.google.com/maps/place/Der+Kebap/@53.5367005,10.0337695,17z/data=!3m1!5s0x47b18e896ea47fd9:0x5698283d478fac2a!4m8!3m7!1s0x47b18f8052dbdb49:0x402e1fab4930e067!8m2!3d53.5367005!4d10.0337695!9m1!1b1!16s%2Fg%2F11qbd256h4?entry=ttu&g_ep=EgoyMDI2MDYyOS4wIKXMDSoASAFQAw%3D%3D",0x47b18f8052dbdb49:0x402e1fab4930e067,v0.9,2026-07-04T14:14:44.141Z
Kanzlei CleverLaw,,,,,4.9,2,2,0,1,1,114,11,20,11 bis 20 Bewertungen aufgrund von Beschwerden wegen Diffamierung entfernt,,,,operational,,,53.5617631,10.0145584,"https://www.google.com/maps/place/Kanzlei+CleverLaw/@53.5617631,10.0145584,17z/data=!4m8!3m7!1s0x47b18f850efca5a7:0xadfc5216d0d50ecc!8m2!3d53.5617631!4d10.0145584!9m1!1b1!16s%2Fg%2F11rrs841rx?entry=ttu&g_ep=EgoyMDI2MDYyOS4wIKXMDSoASAFQAw%3D%3D",0x47b18f850efca5a7:0xadfc5216d0d50ecc,v0.9,2026-07-04T11:31:47.874Z
Vietnam Town Sushi Bar,,,,,4.6,3,5,5,6,38,137,21,50,21 bis 50 Bewertungen aufgrund von Beschwerden wegen Diffamierung entfernt,,,,operational,,,53.5413882,9.9909409,"https://www.google.com/maps/place/Vietnam+Town+Sushi+Bar/@53.5413882,9.9909409,17z/data=!4m8!3m7!1s0x47b18fde649575c9:0x236c4c1deaef6f32!8m2!3d53.5413882!4d9.9909409!9m1!1b1!16s%2Fg%2F11t4x4fl0n?entry=ttu&g_ep=EgoyMDI2MDYyOS4wIKXMDSoASAFQAw%3D%3D",0x47b18fde649575c9:0x236c4c1deaef6f32,v0.9,2026-07-04T14:01:47.797Z
PELLICANO,,,,,4.2,17,44,37,37,25,365,21,50,21 bis 50 Bewertungen aufgrund von Beschwerden wegen Diffamierung entfernt,,,,operational,,,53.5586218,9.9899588,"https://www.google.com/maps/place/PELLICANO/@53.5586218,9.9899588,17z/data=!4m8!3m7!1s0x47b18feabc47f9ef:0x8e282c06a4613844!8m2!3d53.5586218!4d9.9899588!9m1!1b1!16s%2Fg%2F11xg__kb96?entry=ttu&g_ep=EgoyMDI2MDYyOS4wIKXMDSoASAFQAw%3D%3D",0x47b18feabc47f9ef:0x8e282c06a4613844,v0.9,2026-07-04T14:11:46.645Z
"Vetzentrum Hafencity, Tierarzt Hamburg Innenstadt",,,,,3.7,3,40,2,0,0,90,11,20,11 bis 20 Bewertungen aufgrund von Beschwerden wegen Diffamierung entfernt,,,,operational,,,53.5365016,10.0168679,"https://www.google.com/maps/place/Vetzentrum+Hafencity,+Tierarzt+Hamburg+Innenstadt/@53.5365016,10.0168679,17z/data=!4m8!3m7!1s0x47b18ff088c9cc01:0x133671a145d4d220!8m2!3d53.5365016!4d10.0168679!9m1!1b1!16s%2Fg%2F11h_bvgk5s?entry=ttu&g_ep=EgoyMDI2MDYyOS4wIKXMDSoASAFQAw%3D%3D",0x47b18ff088c9cc01:0x133671a145d4d220,v0.9,2026-07-04T11:19:21.626Z
Golden City,,,,,4,16,43,30,54,118,232,51,100,51 bis 100 Bewertungen aufgrund von Beschwerden wegen Diffamierung entfernt,,,,operational,,,53.460079,9.9786132,"https://www.google.com/maps/place/Golden+City/@53.460079,9.9786132,17z/data=!4m8!3m7!1s0x47b191a519ee8515:0x3fe0cc7949882deb!8m2!3d53.460079!4d9.9786132!9m1!1b1!16s%2Fg%2F1tdg6vwy?entry=ttu&g_ep=EgoyMDI2MDYyOS4wIKXMDSoASAFQAw%3D%3D",0x47b191a519ee8515:0x3fe0cc7949882deb,v0.9,2026-07-04T14:04:06.046Z
Momento di... Restaurant,,,,,4.8,5,2,1,1,157,643,21,50,21 bis 50 Bewertungen aufgrund von Beschwerden wegen Diffamierung entfernt,,,,operational,,,53.4663592,9.9869028,"https://www.google.com/maps/place/Momento+di...+Restaurant/@53.4663592,9.9869028,17z/data=!3m1!5s0x47b191b9869c4903:0x46b0ee8c96ebed19!4m8!3m7!1s0x47b191b984567007:0x5e26dc79c281b549!8m2!3d53.4663592!4d9.9869028!9m1!1b1!16s%2Fg%2F1tg85qcf?entry=ttu&g_ep=EgoyMDI2MDYyOS4wIKXMDSoASAFQAw%3D%3D",0x47b191b984567007:0x5e26dc79c281b549,v0.9,2026-07-04T14:04:26.902Z
Fitness Lounge Ladies,,,,,4.6,10,10,0,9,34,157,11,20,11 bis 20 Bewertungen aufgrund von Beschwerden wegen Diffamierung entfernt,,,,operational,,,53.4614425,9.9855816,"https://www.google.com/maps/place/Fitness+Lounge+Ladies/@53.4614425,9.9855816,17z/data=!4m8!3m7!1s0x47b191bb277e4bb3:0xd4f981de2889e016!8m2!3d53.4614425!4d9.9855816!9m1!1b1!16s%2Fg%2F1td1_9qc?entry=ttu&g_ep=EgoyMDI2MDYyOS4wIKXMDSoASAFQAw%3D%3D",0x47b191bb277e4bb3:0xd4f981de2889e016,v0.9,2026-07-04T13:37:15.341Z
Emil Frey Küstengarage Hamburg,,,,,4.5,30,72,29,61,104,1032,51,100,51 bis 100 Bewertungen aufgrund von Beschwerden wegen Diffamierung entfernt,,,,operational,,,53.4766754,10.2049163,"https://www.google.com/maps/place/Emil+Frey+K%C3%BCstengarage+Hamburg/@53.4766754,10.2049163,17z/data=!3m1!5s0x47b1f2823a0fde5d:0x326a960bcf01a678!4m8!3m7!1s0x47b1f283d9a10795:0x60c74d50f60a94a5!8m2!3d53.4766754!4d10.2049163!9m1!1b1!16s%2Fg%2F1tgds5wc?entry=ttu&g_ep=EgoyMDI2MDYyOS4wIKXMDSoASAFQAw%3D%3D",0x47b1f283d9a10795:0x60c74d50f60a94a5,v0.9,2026-07-04T12:29:41.615Z
Stoltenberg Automobile GmbH & Co. KG,,,,,4.7,12,6,1,17,58,262,21,50,21 bis 50 Bewertungen aufgrund von Beschwerden wegen Diffamierung entfernt,,,,operational,,,53.6611833,10.0811664,"https://www.google.com/maps/place/Stoltenberg+Automobile+GmbH+%26+Co.+KG/@53.6611833,10.0811664,17z/data=!4m8!3m7!1s0x47b227588e6fdfd3:0x6c9a81c8bcbd9fff!8m2!3d53.6611833!4d10.0811664!9m1!1b1!16s%2Fg%2F1vn_y099?entry=ttu&g_ep=EgoyMDI2MDYyOS4wIKXMDSoASAFQAw%3D%3D",0x47b227588e6fdfd3:0x6c9a81c8bcbd9fff,v0.9,2026-07-04T12:21:32.464Z
,Car dealer,Wandsbek,22043,"Address: Holstenhofweg 55, 22043 Wandsbek",4.3,16,8,18,23,45,173,51,100,51 bis 100 Bewertungen aufgrund von Beschwerden wegen Diffamierung entfernt,http://www.autohaus-michael.de/,https://lh3.googleusercontent.com/gps-cs-s/APNQkAEd4Dyv9zP39u1qH9ms5HWDIudD2mDfgyWUDfZDiUSCDTeiLMdYIjXX4YGr7rLQ4ABrBdY7wpEv4VoAml40ELs6xe9JQwd7P6qVUyL5FrWxH7qbftaoboByRpOEd-tT7APUoyvo=w408-h300-k-no,,operational,,,,,https://www.google.com/maps/search/?api=1&query=Autohaus%20Michael%20Hamburg,https://www.google.com/maps/search/?api=1&query=Autohaus%20Michael%20Hamburg,v0.9,2026-07-04T12:23:04.678Z
,Croatian restaurant,Hamburg,20539,"Address: Marckmannstraße 74, 20539 Hamburg",4.7,2,0,0,29,78,346,21,50,21 bis 50 Bewertungen aufgrund von Beschwerden wegen Diffamierung entfernt,https://www.blaueadria.com/,https://lh3.googleusercontent.com/gps-cs-s/APNQkAF_QcTrdjY3D9pm9eqcYXTmvuYEZet9NLG96AO-aOGyi-7OkoWHj-cetVgWqSa7BrqjXi-o44p2QzXGMOlihBcL4GwTj599pknF664t0mVcAGM2EAHv96dTmz68N2ezimfz8zU=w426-h240-k-no,1,operational,,,,,https://www.google.com/maps/search/?api=1&query=Blaue%20Adria%20Hamburg,https://www.google.com/maps/search/?api=1&query=Blaue%20Adria%20Hamburg,v0.9,2026-07-04T13:51:32.219Z
,Add a label,Hamburg,20459,"Address: City Sporthafen, Vorsetzen, 20459 Hamburg",4.6,3709,10,13,260,1007,2419,151,200,151 bis 200 Bewertungen aufgrund von Beschwerden wegen Diffamierung entfernt,http://www.das-feuerschiff.de/,https://lh3.googleusercontent.com/gps-cs-s/APNQkAH4qxR6MEsjBYdowFxpt32EjZiB3WTmKfDZ0HEOnXGU2bonTHTP1uIut2aQ3p6IPs49d00dt0lZYmv2JKJTZoOeMWqpt7FSfOVG6nmF5tS3oghVjQ0G6geQ6P7cNqYt27FpC1oY=w408-h306-k-no,2,operational,,,,,https://www.google.com/maps/search/?api=1&query=Das%20Feuerschiff%20Hamburg,https://www.google.com/maps/search/?api=1&query=Das%20Feuerschiff%20Hamburg,v0.9,2026-07-04T14:01:10.134Z
,Doner kebab restaurant,Eimsbüttel,22523,"Address: Elbgaustraße 104, 22523 Eimsbüttel",4.5,3,12,5,4,146,277,250,,Über 250 Bewertungen aufgrund von Beschwerden wegen Diffamierung entfernt,http://www.essbahn-doener.de/,https://lh3.googleusercontent.com/gps-cs-s/APNQkAH6BoExig3sKCniwNJidlrvFOvV3GmiWv0htPz063SnW0IXMhz3KRE-YSzlqkGI7Xcxya8wZanbm-lcTLTAW5vts5JFeq5bBq-W_odn4EIHAEOGl3cD0CeYzP5jTAY21VLrhRM=w408-h408-k-no,1,operational,,,,,https://www.google.com/maps/search/?api=1&query=Ess-Bahn%20D%C3%B6ner-Grill%20Hamburg,https://www.google.com/maps/search/?api=1&query=Ess-Bahn%20D%C3%B6ner-Grill%20Hamburg,v0.9,2026-07-04T14:26:35.903Z
,Pizza restaurant,Altona,22765,"Address: Gaußstraße 190, 22765 Altona",4.8,19,2,1,30,140,965,11,20,11 bis 20 Bewertungen aufgrund von Beschwerden wegen Diffamierung entfernt,http://www.farina.pizza/,https://lh3.googleusercontent.com/gps-cs-s/APNQkAGEMeJTTGr1TZKcAoR4XFOsIYqZp1l3BttP12z7qebQTVfUlt03ZTQDlW42eYH2BbTuNNBxEjJx4MtMpguTsSCQiTr055-9eRTDHcPGVQ9KQpgRAJr-Xavfi8H83ifDsF0uKK4=w408-h307-k-no,1,operational,,,,,https://www.google.com/maps/search/?api=1&query=Farina%20meets%20Mehl%20Hamburg,https://www.google.com/maps/search/?api=1&query=Farina%20meets%20Mehl%20Hamburg,v0.9,2026-07-04T14:12:33.756Z
,Turkish restaurant,Altona,20357,"Address: Susannenstraße 34-35, 20357 Altona",4.8,52,11,7,43,884,4660,51,100,51 bis 100 Bewertungen aufgrund von Beschwerden wegen Diffamierung entfernt,https://pamukkalerestaurant.de/,https://lh3.googleusercontent.com/gps-cs-s/APNQkAHnXX6CLnWl1AsnxHZqMrPNwveqS-PIdzdItarW5uv2G2vREc35v_0ZizIj5GwV00EXagJlsuSOInqdbKLckrvj4faf03YvjmK94bzKjU-UNCqS6VJOTWIEOpzLnhUCRmDFe3QS=w426-h240-k-no,2,operational,,,,,https://www.google.com/maps/search/?api=1&query=Pamukkale%20K%C3%B6z%20Hamburg,https://www.google.com/maps/search/?api=1&query=Pamukkale%20K%C3%B6z%20Hamburg,v0.9,2026-07-04T13:54:12.504Z
,Gym,Wandsbek,22359,"Address: Eulenkrugstraße 68, 22359 Wandsbek",4.8,13,5,6,3,28,357,11,20,11 bis 20 Bewertungen aufgrund von Beschwerden wegen Diffamierung entfernt,http://www.sports-club.de/volksdorf,https://lh3.googleusercontent.com/gps-cs-s/APNQkAFx7oJ9jasK23KRaXgrJEpl5tpJrNk66kWe5hzYCMWmGa0hY_pScNASlqh-qoQ72f-2MdAWQ5YkgvOBel1HB8q6upJasi_UMv4mr0BxGLBK3ijHuvrUKQpUu45Cr4b-QlAsrUdN0A=w426-h240-k-no,,operational,,,,,https://www.google.com/maps/search/?api=1&query=Royal%20Sports%20Hamburg,https://www.google.com/maps/search/?api=1&query=Royal%20Sports%20Hamburg,v0.9,2026-07-04T13:28:49.807Z
,German restaurant,Hamburg,20357,"Address: Feldstraße 60, 20357 Hamburg",4.6,30,21,7,82,659,1415,250,,Über 250 Bewertungen aufgrund von Beschwerden wegen Diffamierung entfernt,http://www.september-hh.de/,https://lh3.googleusercontent.com/gps-cs-s/APNQkAGcck9wUF64YvFba8xxBsEPr2JCn5-OA7JD1JMXJ1ka_cAOVK_q8nQD8lpqJkiymySfnl8gMjm4xMDHyipnKhXjK0mdMY-7MIowIOlP1nRFZWYd21o9nH0XLpYmtkmMn0X9NJWDTQ=w408-h240-k-no,1,operational,,,,,https://www.google.com/maps/search/?api=1&query=September%20Hamburg,https://www.google.com/maps/search/?api=1&query=September%20Hamburg,v0.9,2026-07-04T14:09:09.507Z
,Gym,Wandsbek,22047,"Address: Friedrich-Ebert-Damm 128, 22047 Wandsbek",4.9,73,9,3,5,195,1593,51,100,51 bis 100 Bewertungen aufgrund von Beschwerden wegen Diffamierung entfernt,https://sports-club.de/hamburg-wandsbek/,https://lh3.googleusercontent.com/gps-cs-s/APNQkAF13toNVfhurpYCceuq9Qs4m8EXEFX8wMevJb8um8YESu4LbQZpH31rVC7PRqbnO_gfVu0EVRsTbdEI6CbBXLYdv771pvfAEFpGKoNxufUZhcF84ZNQnhvmlzRofCXXKJoCM2OmDg=w408-h272-k-no,,operational,,,,,https://www.google.com/maps/search/?api=1&query=Sports%20Club%20Wandsbek%20Hamburg,https://www.google.com/maps/search/?api=1&query=Sports%20Club%20Wandsbek%20Hamburg,v0.9,2026-07-04T13:30:05.405Z
,Car dealer,Eimsbüttel,22457,"Address: Holsteiner Chaussee 172-178, 22457 Eimsbüttel",4.7,64,23,1,5,78,439,51,100,51 bis 100 Bewertungen aufgrund von Beschwerden wegen Diffamierung entfernt,https://tr-autos.de/,https://lh3.googleusercontent.com/gps-cs-s/APNQkAEPJdJ0a9ip7WT_QSQ_BIAUZhuAALqiOoQc3BDUb5zf5DMhOcA87wDtgKIN4A8Jbl2coFtgFnlJJqttyeYoJB2QLsEa-AoPw45PiuakYyNtaHWh0x2YEO_0Rd9xLxsL8OmEJlIUPA=w408-h272-k-no,,operational,,,,,https://www.google.com/maps/search/?api=1&query=Tecius%20%26%20Reimers%20Automobile%20Hamburg,https://www.google.com/maps/search/?api=1&query=Tecius%20%26%20Reimers%20Automobile%20Hamburg,v0.9,2026-07-04T12:26:13.894Z
,Car dealer,Wandsbek,22399,"Address: Harksheider Str. 17, 22399 Wandsbek",4.7,12,6,1,17,58,262,21,50,21 bis 50 Bewertungen aufgrund von Beschwerden wegen Diffamierung entfernt,https://www.stoltenberg.de/,https://lh3.googleusercontent.com/gps-cs-s/APNQkAFtrE3w04pyKjvKwcweLpL2l_1Tm5SnjFZGGebQiPfY4kjqwjGYH9l1bRA8X_f_kw_mIOBilRY7sBzvJGv3nx1lkIUx3ZfC_G0RaumRKzHyfBWqdBwYuPVhaP3kLO2Qs-tSmpk=w408-h408-k-no,,operational,,,,,https://www.google.com/maps/search/?api=1&query=Toyota%20Stoltenberg%20Hamburg,https://www.google.com/maps/search/?api=1&query=Toyota%20Stoltenberg%20Hamburg,v0.9,2026-07-04T12:21:30.463Z
,Mediterranean restaurant,Harburg,21079,"Address: Veritaskai 3, 21079 Harburg",4.8,5,2,1,1,157,643,21,50,21 bis 50 Bewertungen aufgrund von Beschwerden wegen Diffamierung entfernt,http://www.momentodi.com/,https://lh3.googleusercontent.com/gps-cs-s/APNQkAFTRcAWPlwg0uQlfVgc_1UqUNr0-T-lNafgK0UrjgQ2gz0aS-npJEGoVp4HM7J7IebTbFruPwC8xTqUJ_aBr0Hib48hrQ7gCn_Phbm1veIc1Om2PISjIyic3nUD0CurikWau8ZC=w426-h240-k-no,1,operational,,,,,https://www.google.com/maps/search/?api=1&query=momento%20di%20Hamburg,https://www.google.com/maps/search/?api=1&query=momento%20di%20Hamburg,v0.9,2026-07-04T14:04:24.904Z