name,category,city,postal_code,address,rating,reviews,range_min,range_max,banner_text,website,image,phone,plus_code,lat,lng,url,key,captured_at
Citroën Autohaus Furchtmann,,,,,,20,11,20,11 bis 20 Bewertungen aufgrund von Beschwerden wegen Diffamierung entfernt,,https://maps.google.com/maps/api/staticmap?center=52.4910592%2C13.3791744&zoom=14&size=900x900&language=en&sensor=false&key=AIzaSyBoYjeRtfVI0Jd8Q_9mnflo9i4sOYpShB0&signature=zoABZxQwCRID8THcBfXYmA1MNQ8,,,52.4167417,13.3614227,"https://www.google.com/maps/place/Citro%C3%ABn+Autohaus+Furchtmann/@52.4167417,13.3614227,17z/data=!4m8!3m7!1s0x47a844d5ea14f897:0x93ab352849e14f82!8m2!3d52.4167417!4d13.3614227!9m1!1b1!16s%2Fg%2F1tf3mysq?entry=ttu&g_ep=EgoyMDI2MDYyOS4wIKXMDSoASAFQAw%3D%3D",0x47a844d5ea14f897:0x93ab352849e14f82,2026-07-02T12:28:05.125Z
Seven Grill Döner Kebap,,,,,,20,11,20,11 bis 20 Bewertungen aufgrund von Beschwerden wegen Diffamierung entfernt,,https://maps.google.com/maps/api/staticmap?center=52.4910592%2C13.3791744&zoom=14&size=900x900&language=en&sensor=false&key=AIzaSyBoYjeRtfVI0Jd8Q_9mnflo9i4sOYpShB0&signature=zoABZxQwCRID8THcBfXYmA1MNQ8,,,52.4143508,13.3643018,"https://www.google.com/maps/place/Seven+Grill+D%C3%B6ner+Kebap/@52.4143508,13.3643018,17z/data=!4m8!3m7!1s0x47a844d6f3b1d3a3:0x3dca14e8184098e9!8m2!3d52.4143508!4d13.3643018!9m1!1b1!16s%2Fg%2F11b7yn95_g?entry=ttu&g_ep=EgoyMDI2MDYyOS4wIKXMDSoASAFQAw%3D%3D",0x47a844d6f3b1d3a3:0x3dca14e8184098e9,2026-07-02T14:37:43.995Z
Basileus Pizza & Döner,,,,,,100,51,100,51 bis 100 Bewertungen aufgrund von Beschwerden wegen Diffamierung entfernt,,https://maps.google.com/maps/api/staticmap?center=52.4910592%2C13.3791744&zoom=14&size=900x900&language=en&sensor=false&key=AIzaSyBoYjeRtfVI0Jd8Q_9mnflo9i4sOYpShB0&signature=zoABZxQwCRID8THcBfXYmA1MNQ8,,,52.4471408,13.3851915,"https://www.google.com/maps/place/Basileus+Pizza+%26+D%C3%B6ner/@52.4471408,13.3851915,17z/data=!4m8!3m7!1s0x47a8454ffa2f5f23:0x667adf7fcbad5271!8m2!3d52.4471408!4d13.3851915!9m1!1b1!16s%2Fg%2F11cnbtwwdm?entry=ttu&g_ep=EgoyMDI2MDYyOS4wIKXMDSoASAFQAw%3D%3D",0x47a8454ffa2f5f23:0x667adf7fcbad5271,2026-07-02T14:45:08.989Z
Libanon Snack,,,,,,100,51,100,51 bis 100 Bewertungen aufgrund von Beschwerden wegen Diffamierung entfernt,,https://maps.google.com/maps/api/staticmap?center=52.4910592%2C13.3791744&zoom=14&size=900x900&language=en&sensor=false&key=AIzaSyBoYjeRtfVI0Jd8Q_9mnflo9i4sOYpShB0&signature=zoABZxQwCRID8THcBfXYmA1MNQ8,,,52.4561327,13.3836645,"https://www.google.com/maps/place/Libanon+Snack/@52.4561327,13.3836645,17z/data=!4m8!3m7!1s0x47a845566303e799:0x74e951e145db029e!8m2!3d52.4561327!4d13.3836645!9m1!1b1!16s%2Fg%2F12j8fk9dj?entry=ttu&g_ep=EgoyMDI2MDYyOS4wIKXMDSoASAFQAw%3D%3D",0x47a845566303e799:0x74e951e145db029e,2026-07-02T14:44:36.352Z
Aviv,,,,,,20,11,20,11 bis 20 Bewertungen aufgrund von Beschwerden wegen Diffamierung entfernt,,https://maps.google.com/maps/api/staticmap?center=52.4910592%2C13.3791744&zoom=14&size=900x900&language=en&sensor=false&key=AIzaSyBoYjeRtfVI0Jd8Q_9mnflo9i4sOYpShB0&signature=zoABZxQwCRID8THcBfXYmA1MNQ8,,,52.4219185,13.4888653,"https://www.google.com/maps/place/Aviv/@52.4219185,13.4888653,17z/data=!4m11!3m10!1s0x47a8467480a0c8fb:0x6d5d30230e8fe66d!5m2!4m1!1i2!8m2!3d52.4219185!4d13.4888653!9m1!1b1!16s%2Fg%2F1tk1m019?entry=ttu&g_ep=EgoyMDI2MDYyOS4wIKXMDSoASAFQAw%3D%3D",0x47a8467480a0c8fb:0x6d5d30230e8fe66d,2026-07-02T15:11:33.681Z
Hotel Mardin,,,,,,200,151,200,151 bis 200 Bewertungen aufgrund von Beschwerden wegen Diffamierung entfernt,,https://maps.google.com/maps/api/staticmap?center=52.4910592%2C13.3791744&zoom=14&size=900x900&language=en&sensor=false&key=AIzaSyBoYjeRtfVI0Jd8Q_9mnflo9i4sOYpShB0&signature=zoABZxQwCRID8THcBfXYmA1MNQ8,,,52.4842371,13.5264773,"https://www.google.com/maps/place/Hotel+Mardin/@52.4842371,13.5264773,17z/data=!4m11!3m10!1s0x47a848d7eb4955cd:0xe77a81fd3b411ce6!5m2!4m1!1i2!8m2!3d52.4842371!4d13.5264773!9m1!1b1!16s%2Fg%2F1tfcxv82?entry=ttu&g_ep=EgoyMDI2MDYyOS4wIKXMDSoASAFQAw%3D%3D",0x47a848d7eb4955cd:0xe77a81fd3b411ce6,2026-07-02T15:01:23.542Z
Hotel Helle Mitte,,,,,,250,250,,Über 250 Bewertungen aufgrund von Beschwerden wegen Diffamierung entfernt,,https://maps.google.com/maps/api/staticmap?center=52.4910592%2C13.3791744&zoom=14&size=900x900&language=en&sensor=false&key=AIzaSyBoYjeRtfVI0Jd8Q_9mnflo9i4sOYpShB0&signature=zoABZxQwCRID8THcBfXYmA1MNQ8,,,52.5376267,13.6036739,"https://www.google.com/maps/place/Hotel+Helle+Mitte/@52.5376267,13.6036739,17z/data=!3m1!5s0x47a84a3496787375:0x2c1cfc68f1bb3176!4m11!3m10!1s0x47a84a34b6c1fbd5:0x83f2baf7dac7797f!5m2!4m1!1i2!8m2!3d52.5376267!4d13.6036739!9m1!1b1!16s%2Fg%2F1hhxlk7h9?entry=ttu&g_ep=EgoyMDI2MDYyOS4wIKXMDSoASAFQAw%3D%3D",0x47a84a34b6c1fbd5:0x83f2baf7dac7797f,2026-07-02T15:04:45.257Z
TIierarztPraxis - Dr.med.vet. Niels Lösch,,,,,,20,11,20,11 bis 20 Bewertungen aufgrund von Beschwerden wegen Diffamierung entfernt,,https://maps.google.com/maps/api/staticmap?center=52.4910592%2C13.3791744&zoom=14&size=900x900&language=en&sensor=false&key=AIzaSyBoYjeRtfVI0Jd8Q_9mnflo9i4sOYpShB0&signature=zoABZxQwCRID8THcBfXYmA1MNQ8,,,52.5399597,13.4849962,"https://www.google.com/maps/place/TIierarztPraxis+-+Dr.med.vet.+Niels+L%C3%B6sch/@52.5399597,13.4849962,17z/data=!4m8!3m7!1s0x47a84c37d21ef1e9:0x4b9f1fc773057eaa!8m2!3d52.5399597!4d13.4849962!9m1!1b1!16s%2Fg%2F1tcxnp_y?entry=ttu&g_ep=EgoyMDI2MDYyOS4wIKXMDSoASAFQAw%3D%3D",0x47a84c37d21ef1e9:0x4b9f1fc773057eaa,2026-07-02T11:19:54.469Z
MVZ Volksdent GmbH,,,,,,20,11,20,11 bis 20 Bewertungen aufgrund von Beschwerden wegen Diffamierung entfernt,,https://maps.google.com/maps/api/staticmap?center=52.4910592%2C13.3791744&zoom=14&size=900x900&language=en&sensor=false&key=AIzaSyBoYjeRtfVI0Jd8Q_9mnflo9i4sOYpShB0&signature=zoABZxQwCRID8THcBfXYmA1MNQ8,,,52.5455475,13.4272749,"https://www.google.com/maps/place/MVZ+Volksdent+GmbH/@52.5455475,13.4272749,17z/data=!4m8!3m7!1s0x47a84d6d8fdc42c9:0xdb5152af792d3690!8m2!3d52.5455475!4d13.4272749!9m1!1b1!16s%2Fg%2F11kx6c4nz_?entry=ttu&g_ep=EgoyMDI2MDYyOS4wIKXMDSoASAFQAw%3D%3D",0x47a84d6d8fdc42c9:0xdb5152af792d3690,2026-07-02T10:09:25.147Z
"Fachanwältin für Familienrecht, Strafrecht und Sozialrecht Britta Kempke",,,,,,20,11,20,11 bis 20 Bewertungen aufgrund von Beschwerden wegen Diffamierung entfernt,,https://maps.google.com/maps/api/staticmap?center=52.4910592%2C13.3791744&zoom=14&size=900x900&language=en&sensor=false&key=AIzaSyBoYjeRtfVI0Jd8Q_9mnflo9i4sOYpShB0&signature=zoABZxQwCRID8THcBfXYmA1MNQ8,,,52.5423567,13.4394723,"https://www.google.com/maps/place/Fachanw%C3%A4ltin+f%C3%BCr+Familienrecht,+Strafrecht+und+Sozialrecht+Britta+Kempke/@52.5423567,13.4394723,17z/data=!4m8!3m7!1s0x47a84de3cf67e907:0x2e7ed66527800eed!8m2!3d52.5423567!4d13.4394723!9m1!1b1!16s%2Fg%2F1v62gplc?entry=ttu&g_ep=EgoyMDI2MDYyOS4wIKXMDSoASAFQAw%3D%3D",0x47a84de3cf67e907:0x2e7ed66527800eed,2026-07-02T11:42:27.071Z
Restaurant & Biergarten Schoenbrunn,,,,,,20,11,20,11 bis 20 Bewertungen aufgrund von Beschwerden wegen Diffamierung entfernt,,https://maps.google.com/maps/api/staticmap?center=52.4910592%2C13.3791744&zoom=14&size=900x900&language=en&sensor=false&key=AIzaSyBoYjeRtfVI0Jd8Q_9mnflo9i4sOYpShB0&signature=zoABZxQwCRID8THcBfXYmA1MNQ8,,,52.528148,13.4340015,"https://www.google.com/maps/place/Restaurant+%26+Biergarten+Schoenbrunn/@52.528148,13.4340015,17z/data=!4m8!3m7!1s0x47a84e0e047a0977:0x694d74ea6832c603!8m2!3d52.528148!4d13.4340015!9m1!1b1!16s%2Fg%2F1tlc_641?entry=ttu&g_ep=EgoyMDI2MDYyOS4wIKXMDSoASAFQAw%3D%3D",0x47a84e0e047a0977:0x694d74ea6832c603,2026-07-02T14:13:41.817Z
A Mano,,,,,,50,21,50,21 bis 50 Bewertungen aufgrund von Beschwerden wegen Diffamierung entfernt,,https://maps.google.com/maps/api/staticmap?center=52.4910592%2C13.3791744&zoom=14&size=900x900&language=en&sensor=false&key=AIzaSyBoYjeRtfVI0Jd8Q_9mnflo9i4sOYpShB0&signature=zoABZxQwCRID8THcBfXYmA1MNQ8,,,52.5193916,13.4273865,"https://www.google.com/maps/place/A+Mano/@52.5193916,13.4273865,17z/data=!3m1!5s0x47a84e16190635e1:0xf544a9ca593d1967!4m8!3m7!1s0x47a84e1623b079cb:0xa355fb53a80d566c!8m2!3d52.5193916!4d13.4273865!9m1!1b1!16s%2Fg%2F1hc0s4f1h?entry=ttu&g_ep=EgoyMDI2MDYyOS4wIKXMDSoASAFQAw%3D%3D",0x47a84e1623b079cb:0xa355fb53a80d566c,2026-07-02T14:14:01.040Z
Carambar,,,,,,250,250,,Über 250 Bewertungen aufgrund von Beschwerden wegen Diffamierung entfernt,,https://maps.google.com/maps/api/staticmap?center=52.4910592%2C13.3791744&zoom=14&size=900x900&language=en&sensor=false&key=AIzaSyBoYjeRtfVI0Jd8Q_9mnflo9i4sOYpShB0&signature=zoABZxQwCRID8THcBfXYmA1MNQ8,,,52.5203875,13.41214,"https://www.google.com/maps/place/Carambar/@52.5203875,13.41214,17z/data=!3m1!5s0x47a84e1f7db9c2b5:0x78cc8305f4544644!4m8!3m7!1s0x47a84e21d89b7aa7:0xc6629316d9daa009!8m2!3d52.5203875!4d13.41214!9m1!1b1!16s%2Fg%2F1tdy3hrw?entry=ttu&g_ep=EgoyMDI2MDYyOS4wIKXMDSoASAFQAw%3D%3D",0x47a84e21d89b7aa7:0xc6629316d9daa009,2026-07-02T14:07:49.528Z
McMakler GmbH - Immobilienmakler Berlin,,,,,,50,21,50,21 bis 50 Bewertungen aufgrund von Beschwerden wegen Diffamierung entfernt,,https://maps.google.com/maps/api/staticmap?center=52.4910592%2C13.3791744&zoom=14&size=900x900&language=en&sensor=false&key=AIzaSyBoYjeRtfVI0Jd8Q_9mnflo9i4sOYpShB0&signature=zoABZxQwCRID8THcBfXYmA1MNQ8,,,52.508036,13.4381494,"https://www.google.com/maps/place/McMakler+GmbH+-+Immobilienmakler+Berlin/@52.508036,13.4381494,17z/data=!4m8!3m7!1s0x47a84e262f68d6df:0x94b5c3713ab6fcf2!8m2!3d52.508036!4d13.4381494!9m1!1b1!16s%2Fg%2F11b861md1h?entry=ttu&g_ep=EgoyMDI2MDYyOS4wIKXMDSoASAFQAw%3D%3D",0x47a84e262f68d6df:0x94b5c3713ab6fcf2,2026-07-02T12:13:14.539Z
Shezan,,,,,,250,201,250,201 bis 250 Bewertungen aufgrund von Beschwerden wegen Diffamierung entfernt,,https://maps.google.com/maps/api/staticmap?center=52.4910592%2C13.3791744&zoom=14&size=900x900&language=en&sensor=false&key=AIzaSyBoYjeRtfVI0Jd8Q_9mnflo9i4sOYpShB0&signature=zoABZxQwCRID8THcBfXYmA1MNQ8,,,52.5120553,13.4083424,"https://www.google.com/maps/place/Shezan/@52.5120553,13.4083424,17z/data=!4m8!3m7!1s0x47a84e266891a133:0x5336422df794c49d!8m2!3d52.5120553!4d13.4083424!9m1!1b1!16s%2Fg%2F1td_g89m?entry=ttu&g_ep=EgoyMDI2MDYyOS4wIKXMDSoASAFQAw%3D%3D",0x47a84e266891a133:0x5336422df794c49d,2026-07-02T14:08:39.927Z
Kottident - Dentist in Berlin Kreuzberg,,,,,,50,21,50,21 bis 50 Bewertungen aufgrund von Beschwerden wegen Diffamierung entfernt,,https://maps.google.com/maps/api/staticmap?center=52.4910592%2C13.3791744&zoom=14&size=900x900&language=en&sensor=false&key=AIzaSyBoYjeRtfVI0Jd8Q_9mnflo9i4sOYpShB0&signature=zoABZxQwCRID8THcBfXYmA1MNQ8,,,52.5007495,13.4187246,"https://www.google.com/maps/place/Kottident+-+Dentist+in+Berlin+Kreuzberg/@52.5007495,13.4187246,17z/data=!4m8!3m7!1s0x47a84e339e1b3e6f:0xa3449be1eb562cf5!8m2!3d52.5007495!4d13.4187246!9m1!1b1!16s%2Fg%2F1v_sm8bx?entry=ttu&g_ep=EgoyMDI2MDYyOS4wIKXMDSoASAFQAw%3D%3D",0x47a84e339e1b3e6f:0xa3449be1eb562cf5,2026-07-02T10:10:00.327Z
Restaurant Schneeweiß,,,,,,50,21,50,21 bis 50 Bewertungen aufgrund von Beschwerden wegen Diffamierung entfernt,,https://maps.google.com/maps/api/staticmap?center=52.4910592%2C13.3791744&zoom=14&size=900x900&language=en&sensor=false&key=AIzaSyBoYjeRtfVI0Jd8Q_9mnflo9i4sOYpShB0&signature=zoABZxQwCRID8THcBfXYmA1MNQ8,,,52.5086167,13.4581712,"https://www.google.com/maps/place/Restaurant+Schneewei%C3%9F/@52.5086167,13.4581712,17z/data=!4m8!3m7!1s0x47a84e592390a847:0xc0fad9d0b65b829e!8m2!3d52.5086167!4d13.4581712!9m1!1b1!16s%2Fg%2F1tfsl_z8?entry=ttu&g_ep=EgoyMDI2MDYyOS4wIKXMDSoASAFQAw%3D%3D",0x47a84e592390a847:0xc0fad9d0b65b829e,2026-07-02T14:18:56.063Z
Plusminusnull ( -0) Restaurant Bar Lounge,,,,,,100,51,100,51 bis 100 Bewertungen aufgrund von Beschwerden wegen Diffamierung entfernt,,https://maps.google.com/maps/api/staticmap?center=52.4910592%2C13.3791744&zoom=14&size=900x900&language=en&sensor=false&key=AIzaSyBoYjeRtfVI0Jd8Q_9mnflo9i4sOYpShB0&signature=zoABZxQwCRID8THcBfXYmA1MNQ8,,,52.5118106,13.4575021,"https://www.google.com/maps/place/Plusminusnull+(%2B-0)+Restaurant+Bar+Lounge/@52.5118106,13.4575021,17z/data=!4m8!3m7!1s0x47a84e5e901272fd:0xaa7eddad73052e89!8m2!3d52.5118106!4d13.4575021!9m1!1b1!16s%2Fg%2F1tc_q0tp?entry=ttu&g_ep=EgoyMDI2MDYyOS4wIKXMDSoASAFQAw%3D%3D",0x47a84e5e901272fd:0xaa7eddad73052e89,2026-07-02T14:22:07.334Z
Aceto Lokanta,,,,,,150,101,150,101 bis 150 Bewertungen aufgrund von Beschwerden wegen Diffamierung entfernt,,https://maps.google.com/maps/api/staticmap?center=52.4910592%2C13.3791744&zoom=14&size=900x900&language=en&sensor=false&key=AIzaSyBoYjeRtfVI0Jd8Q_9mnflo9i4sOYpShB0&signature=zoABZxQwCRID8THcBfXYmA1MNQ8,,,52.5105664,13.4561227,"https://www.google.com/maps/place/Aceto+Lokanta/@52.5105664,13.4561227,17z/data=!4m8!3m7!1s0x47a84e5ea92fbe93:0xfc3999e441223eda!8m2!3d52.5105664!4d13.4561227!9m1!1b1!16s%2Fg%2F1tg9m4nh?entry=ttu&g_ep=EgoyMDI2MDYyOS4wIKXMDSoASAFQAw%3D%3D",0x47a84e5ea92fbe93:0xfc3999e441223eda,2026-07-02T14:32:37.148Z
Bistro Samariter,,,,,,50,21,50,21 bis 50 Bewertungen aufgrund von Beschwerden wegen Diffamierung entfernt,,https://maps.google.com/maps/api/staticmap?center=52.4910592%2C13.3791744&zoom=14&size=900x900&language=en&sensor=false&key=AIzaSyBoYjeRtfVI0Jd8Q_9mnflo9i4sOYpShB0&signature=zoABZxQwCRID8THcBfXYmA1MNQ8,,,52.5183243,13.4658728,"https://www.google.com/maps/place/Bistro+Samariter/@52.5183243,13.4658728,17z/data=!4m8!3m7!1s0x47a84e61ea044937:0x378c9dd7d39c048c!8m2!3d52.5183243!4d13.4658728!9m1!1b1!16s%2Fg%2F11b7xkbhz5?entry=ttu&g_ep=EgoyMDI2MDYyOS4wIKXMDSoASAFQAw%3D%3D",0x47a84e61ea044937:0x378c9dd7d39c048c,2026-07-02T14:32:54.462Z
ibis budget Berlin Ost,,,,,,250,250,,Über 250 Bewertungen aufgrund von Beschwerden wegen Diffamierung entfernt,,https://maps.google.com/maps/api/staticmap?center=52.4910592%2C13.3791744&zoom=14&size=900x900&language=en&sensor=false&key=AIzaSyBoYjeRtfVI0Jd8Q_9mnflo9i4sOYpShB0&signature=zoABZxQwCRID8THcBfXYmA1MNQ8,,,52.5260287,13.5298385,"https://www.google.com/maps/place/ibis+budget+Berlin+Ost/@52.5260287,13.5298385,17z/data=!3m1!5s0x47a84eaae2dc6163:0x1d30f4ed615ad82d!4m11!3m10!1s0x47a84eaba9ed8b7b:0x5715f8e490acc848!5m2!4m1!1i2!8m2!3d52.5260287!4d13.5298385!9m1!1b1!16s%2Fg%2F1tjdksn6?entry=ttu&g_ep=EgoyMDI2MDYyOS4wIKXMDSoASAFQAw%3D%3D",0x47a84eaba9ed8b7b:0x5715f8e490acc848,2026-07-02T15:09:35.679Z
Hotel-Pension Adamshof,,,,,,150,101,150,101 bis 150 Bewertungen aufgrund von Beschwerden wegen Diffamierung entfernt,,https://maps.google.com/maps/api/staticmap?center=52.4910592%2C13.3791744&zoom=14&size=900x900&language=en&sensor=false&key=AIzaSyBoYjeRtfVI0Jd8Q_9mnflo9i4sOYpShB0&signature=zoABZxQwCRID8THcBfXYmA1MNQ8,,,52.5019312,13.4911877,"https://www.google.com/maps/place/Hotel-Pension+Adamshof/@52.5019312,13.4911877,17z/data=!4m11!3m10!1s0x47a84ec298ec8a8d:0x4767716a2cc23f8c!5m2!4m1!1i2!8m2!3d52.5019312!4d13.4911877!9m1!1b1!16s%2Fg%2F1tkmlkz7?entry=ttu&g_ep=EgoyMDI2MDYyOS4wIKXMDSoASAFQAw%3D%3D",0x47a84ec298ec8a8d:0x4767716a2cc23f8c,2026-07-02T15:08:04.633Z
Alte Turnhalle,,,,,,20,11,20,11 bis 20 Bewertungen aufgrund von Beschwerden wegen Diffamierung entfernt,,https://maps.google.com/maps/api/staticmap?center=52.4910592%2C13.3791744&zoom=14&size=900x900&language=en&sensor=false&key=AIzaSyBoYjeRtfVI0Jd8Q_9mnflo9i4sOYpShB0&signature=zoABZxQwCRID8THcBfXYmA1MNQ8,,,52.5072217,13.4652699,"https://www.google.com/maps/place/Alte+Turnhalle/@52.5072217,13.4652699,17z/data=!3m1!5s0x47a84ef65c79bb8d:0x349329876e07a6af!4m8!3m7!1s0x47a84ef65c4ff71b:0xff7f46009286e220!8m2!3d52.5072217!4d13.4652699!9m1!1b1!16s%2Fg%2F1thxv7b7?entry=ttu&g_ep=EgoyMDI2MDYyOS4wIKXMDSoASAFQAw%3D%3D",0x47a84ef65c4ff71b:0xff7f46009286e220,2026-07-02T14:19:04.710Z
Beast Berlin,,,,,,100,51,100,51 bis 100 Bewertungen aufgrund von Beschwerden wegen Diffamierung entfernt,,https://maps.google.com/maps/api/staticmap?center=52.4910592%2C13.3791744&zoom=14&size=900x900&language=en&sensor=false&key=AIzaSyBoYjeRtfVI0Jd8Q_9mnflo9i4sOYpShB0&signature=zoABZxQwCRID8THcBfXYmA1MNQ8,,,52.5247687,13.4121758,"https://www.google.com/maps/place/Beast+Berlin/@52.5247687,13.4121758,17z/data=!4m8!3m7!1s0x47a84f0025de9b57:0x813ec26978c4156c!8m2!3d52.5247687!4d13.4121758!9m1!1b1!16s%2Fg%2F11vzsjywwp?entry=ttu&g_ep=EgoyMDI2MDYyOS4wIKXMDSoASAFQAw%3D%3D",0x47a84f0025de9b57:0x813ec26978c4156c,2026-07-02T14:07:15.657Z
Orthopädie in Friedrichshain | Gemeinschaftspraxis Dr. Ayhan Dogan & Dr. Gunnar Peters,,,,,,20,11,20,11 bis 20 Bewertungen aufgrund von Beschwerden wegen Diffamierung entfernt,,https://maps.google.com/maps/api/staticmap?center=52.4910592%2C13.3791744&zoom=14&size=900x900&language=en&sensor=false&key=AIzaSyBoYjeRtfVI0Jd8Q_9mnflo9i4sOYpShB0&signature=zoABZxQwCRID8THcBfXYmA1MNQ8,,,52.52378,13.4508137,"https://www.google.com/maps/place/Orthop%C3%A4die+in+Friedrichshain+%7C+Gemeinschaftspraxis+Dr.+Ayhan+Dogan+%26+Dr.+Gunnar+Peters/@52.52378,13.4508137,17z/data=!3m1!5s0x47a84e6f02745d07:0x3b713e68eb86313f!4m8!3m7!1s0x47a84f2af0ad6953:0x75584b4824055398!8m2!3d52.52378!4d13.4508137!9m1!1b1!16s%2Fg%2F11j0brl151?entry=ttu&g_ep=EgoyMDI2MDYyOS4wIKXMDSoASAFQAw%3D%3D",0x47a84f2af0ad6953:0x75584b4824055398,2026-07-02T10:33:59.716Z
TAT Restaurant,,,,,,50,21,50,21 bis 50 Bewertungen aufgrund von Beschwerden wegen Diffamierung entfernt,,https://maps.google.com/maps/api/staticmap?center=52.4910592%2C13.3791744&zoom=14&size=900x900&language=en&sensor=false&key=AIzaSyBoYjeRtfVI0Jd8Q_9mnflo9i4sOYpShB0&signature=zoABZxQwCRID8THcBfXYmA1MNQ8,,,52.5133493,13.458707,"https://www.google.com/maps/place/TAT+Restaurant/@52.5133493,13.458707,17z/data=!4m8!3m7!1s0x47a84f4b9ca5a45d:0x5a0045a78434f7e5!8m2!3d52.5133493!4d13.458707!9m1!1b1!16s%2Fg%2F11k36v_q2j?entry=ttu&g_ep=EgoyMDI2MDYyOS4wIKXMDSoASAFQAw%3D%3D",0x47a84f4b9ca5a45d:0x5a0045a78434f7e5,2026-07-02T14:22:48.601Z
The Hummus Club,,,,,,100,51,100,51 bis 100 Bewertungen aufgrund von Beschwerden wegen Diffamierung entfernt,,https://maps.google.com/maps/api/staticmap?center=52.4910592%2C13.3791744&zoom=14&size=900x900&language=en&sensor=false&key=AIzaSyBoYjeRtfVI0Jd8Q_9mnflo9i4sOYpShB0&signature=zoABZxQwCRID8THcBfXYmA1MNQ8,,,52.5124857,13.4587523,"https://www.google.com/maps/place/The+Hummus+Club/@52.5124857,13.4587523,17z/data=!4m8!3m7!1s0x47a84f5443e757d3:0x71edb10759d01398!8m2!3d52.5124857!4d13.4587523!9m1!1b1!16s%2Fg%2F11qpr_fpyf?entry=ttu&g_ep=EgoyMDI2MDYyOS4wIKXMDSoASAFQAw%3D%3D",0x47a84f5443e757d3:0x71edb10759d01398,2026-07-02T14:27:10.016Z
Goldcars Autohandel Berlin,,,,,,20,11,20,11 bis 20 Bewertungen aufgrund von Beschwerden wegen Diffamierung entfernt,,https://maps.google.com/maps/api/staticmap?center=52.4910592%2C13.3791744&zoom=14&size=900x900&language=en&sensor=false&key=AIzaSyBoYjeRtfVI0Jd8Q_9mnflo9i4sOYpShB0&signature=zoABZxQwCRID8THcBfXYmA1MNQ8,,,52.4562582,13.4386626,"https://www.google.com/maps/place/Goldcars+Autohandel+Berlin/@52.4562582,13.4386626,17z/data=!4m8!3m7!1s0x47a84f7eb6e8f7ab:0xbd8f5495d763e764!8m2!3d52.4562582!4d13.4386626!9m1!1b1!16s%2Fg%2F11fyzdv_f7?entry=ttu&g_ep=EgoyMDI2MDYyOS4wIKXMDSoASAFQAw%3D%3D",0x47a84f7eb6e8f7ab:0xbd8f5495d763e764,2026-07-02T12:45:55.258Z
ORTHOPAEDIUM Berlin,,,,,,100,51,100,51 bis 100 Bewertungen aufgrund von Beschwerden wegen Diffamierung entfernt,,https://maps.google.com/maps/api/staticmap?center=52.4910592%2C13.3791744&zoom=14&size=900x900&language=en&sensor=false&key=AIzaSyBoYjeRtfVI0Jd8Q_9mnflo9i4sOYpShB0&signature=zoABZxQwCRID8THcBfXYmA1MNQ8,,,52.480258,13.4284227,"https://www.google.com/maps/place/ORTHOPAEDIUM+Berlin/@52.480258,13.4284227,17z/data=!4m8!3m7!1s0x47a84fbd961c6e13:0xab28c72c3988b6ab!8m2!3d52.480258!4d13.4284227!9m1!1b1!16s%2Fg%2F11bwkk9442?entry=ttu&g_ep=EgoyMDI2MDYyOS4wIKXMDSoASAFQAw%3D%3D",0x47a84fbd961c6e13:0xab28c72c3988b6ab,2026-07-02T10:52:25.588Z
Preeda,,,,,,100,51,100,51 bis 100 Bewertungen aufgrund von Beschwerden wegen Diffamierung entfernt,,https://maps.google.com/maps/api/staticmap?center=52.4910592%2C13.3791744&zoom=14&size=900x900&language=en&sensor=false&key=AIzaSyBoYjeRtfVI0Jd8Q_9mnflo9i4sOYpShB0&signature=zoABZxQwCRID8THcBfXYmA1MNQ8,,,52.5314613,13.433536,"https://www.google.com/maps/place/Preeda/@52.5314613,13.433536,17z/data=!4m8!3m7!1s0x47a84fcef41b017b:0xb85765d03a5932b5!8m2!3d52.5314613!4d13.433536!9m1!1b1!16s%2Fg%2F11pwsd59v6?entry=ttu&g_ep=EgoyMDI2MDYyOS4wIKXMDSoASAFQAw%3D%3D",0x47a84fcef41b017b:0xb85765d03a5932b5,2026-07-02T12:44:37.913Z
Tibet Haus Resturant,,,,,,100,51,100,51 bis 100 Bewertungen aufgrund von Beschwerden wegen Diffamierung entfernt,,https://maps.google.com/maps/api/staticmap?center=52.4910592%2C13.3791744&zoom=14&size=900x900&language=en&sensor=false&key=AIzaSyBoYjeRtfVI0Jd8Q_9mnflo9i4sOYpShB0&signature=zoABZxQwCRID8THcBfXYmA1MNQ8,,,52.4906689,13.3939081,"https://www.google.com/maps/place/Tibet+Haus+Resturant/@52.4906689,13.3939081,17z/data=!4m8!3m7!1s0x47a84fd78d670ad3:0x2094d1d0b5bf1920!8m2!3d52.4906689!4d13.3939081!9m1!1b1!16s%2Fg%2F1tvt9cl6?entry=ttu&g_ep=EgoyMDI2MDYyOS4wIKXMDSoASAFQAw%3D%3D",0x47a84fd78d670ad3:0x2094d1d0b5bf1920,2026-07-02T14:03:57.621Z
Hotel-Restaurant Matzbach,,,,,,150,101,150,101 bis 150 Bewertungen aufgrund von Beschwerden wegen Diffamierung entfernt,,https://maps.google.com/maps/api/staticmap?center=52.4910592%2C13.3791744&zoom=14&size=900x900&language=en&sensor=false&key=AIzaSyBoYjeRtfVI0Jd8Q_9mnflo9i4sOYpShB0&signature=zoABZxQwCRID8THcBfXYmA1MNQ8,,,52.4892582,13.3953724,"https://www.google.com/maps/place/Hotel-Restaurant+Matzbach/@52.4892582,13.3953724,17z/data=!3m1!5s0x47a84fd82d8d2591:0x4083f8b9777c8919!4m11!3m10!1s0x47a84fd82f80e371:0xe864cd5f54f0bc2f!5m2!4m1!1i2!8m2!3d52.4892582!4d13.3953724!9m1!1b1!16s%2Fg%2F1tfm0h4j?entry=ttu&g_ep=EgoyMDI2MDYyOS4wIKXMDSoASAFQAw%3D%3D",0x47a84fd82f80e371:0xe864cd5f54f0bc2f,2026-07-02T14:07:57.797Z
Cocochu,,,,,,50,21,50,21 bis 50 Bewertungen aufgrund von Beschwerden wegen Diffamierung entfernt,,https://maps.google.com/maps/api/staticmap?center=52.4910592%2C13.3791744&zoom=14&size=900x900&language=en&sensor=false&key=AIzaSyBoYjeRtfVI0Jd8Q_9mnflo9i4sOYpShB0&signature=zoABZxQwCRID8THcBfXYmA1MNQ8,,,52.4941697,13.4284666,"https://www.google.com/maps/place/Cocochu/@52.4941697,13.4284666,17z/data=!4m8!3m7!1s0x47a84fdd648f0f75:0x201524008ec55f5e!8m2!3d52.4941697!4d13.4284666!9m1!1b1!16s%2Fg%2F11f61l_xnh?entry=ttu&g_ep=EgoyMDI2MDYyOS4wIKXMDSoASAFQAw%3D%3D",0x47a84fdd648f0f75:0x201524008ec55f5e,2026-07-02T14:25:58.928Z
Jäger & Lustig,,,,,,150,101,150,101 bis 150 Bewertungen aufgrund von Beschwerden wegen Diffamierung entfernt,,https://maps.google.com/maps/api/staticmap?center=52.4910592%2C13.3791744&zoom=14&size=900x900&language=en&sensor=false&key=AIzaSyBoYjeRtfVI0Jd8Q_9mnflo9i4sOYpShB0&signature=zoABZxQwCRID8THcBfXYmA1MNQ8,,,52.5134052,13.4480361,"https://www.google.com/maps/place/J%C3%A4ger+%26+Lustig/@52.5134052,13.4480361,17z/data=!3m1!5s0x47a84e432653a627:0x99b138051b36888e!4m8!3m7!1s0x47a84fe635abcf8d:0xa0887a886bda9495!8m2!3d52.5134052!4d13.4480361!9m1!1b1!16s%2Fg%2F11h7ksgbsg?entry=ttu&g_ep=EgoyMDI2MDYyOS4wIKXMDSoASAFQAw%3D%3D",0x47a84fe635abcf8d:0xa0887a886bda9495,2026-07-02T14:28:19.638Z
Familycare,,,,,,20,11,20,11 bis 20 Bewertungen aufgrund von Beschwerden wegen Diffamierung entfernt,,https://maps.google.com/maps/api/staticmap?center=52.4910592%2C13.3791744&zoom=14&size=900x900&language=en&sensor=false&key=AIzaSyBoYjeRtfVI0Jd8Q_9mnflo9i4sOYpShB0&signature=zoABZxQwCRID8THcBfXYmA1MNQ8,,,52.517044,13.4392151,"https://www.google.com/maps/place/Familycare/@52.517044,13.4392151,17z/data=!4m8!3m7!1s0x47a84ff65f1821cf:0xff5c640e1b13a68e!8m2!3d52.517044!4d13.4392151!9m1!1b1!16s%2Fg%2F11gvxxzp62?entry=ttu&g_ep=EgoyMDI2MDYyOS4wIKXMDSoASAFQAw%3D%3D",0x47a84ff65f1821cf:0xff5c640e1b13a68e,2026-07-02T10:40:28.026Z
King Nails Kreuzberg Berlin,,,,,,20,11,20,11 bis 20 Bewertungen aufgrund von Beschwerden wegen Diffamierung entfernt,,https://maps.google.com/maps/api/staticmap?center=52.4910592%2C13.3791744&zoom=14&size=900x900&language=en&sensor=false&key=AIzaSyBoYjeRtfVI0Jd8Q_9mnflo9i4sOYpShB0&signature=zoABZxQwCRID8THcBfXYmA1MNQ8,,,52.4985536,13.4415762,"https://www.google.com/maps/place/King+Nails+Kreuzberg+Berlin/@52.4985536,13.4415762,17z/data=!3m1!5s0x47a84e4d84317a37:0x8d52bc2f41afe5d4!4m8!3m7!1s0x47a84ff99d86e43f:0x9a91f4fb2ba7222c!8m2!3d52.4985536!4d13.4415762!9m1!1b1!16s%2Fg%2F11kk8djd12?entry=ttu&g_ep=EgoyMDI2MDYyOS4wIKXMDSoASAFQAw%3D%3D",0x47a84ff99d86e43f:0x9a91f4fb2ba7222c,2026-07-02T13:42:14.909Z
Gotcha,,,,,,50,21,50,21 bis 50 Bewertungen aufgrund von Beschwerden wegen Diffamierung entfernt,,https://maps.google.com/maps/api/staticmap?center=52.4910592%2C13.3791744&zoom=14&size=900x900&language=en&sensor=false&key=AIzaSyBoYjeRtfVI0Jd8Q_9mnflo9i4sOYpShB0&signature=zoABZxQwCRID8THcBfXYmA1MNQ8,,,52.511619,13.4567298,"https://www.google.com/maps/place/Gotcha/@52.511619,13.4567298,17z/data=!4m8!3m7!1s0x47a84ffcf4451f69:0x2614ddccb2f12b67!8m2!3d52.511619!4d13.4567298!9m1!1b1!16s%2Fg%2F11c2nxw06d?entry=ttu&g_ep=EgoyMDI2MDYyOS4wIKXMDSoASAFQAw%3D%3D",0x47a84ffcf4451f69:0x2614ddccb2f12b67,2026-07-02T14:24:49.853Z
Tierarztpraxis Dr. Fenina   Burwieck,,,,,,50,21,50,21 bis 50 Bewertungen aufgrund von Beschwerden wegen Diffamierung entfernt,,https://maps.google.com/maps/api/staticmap?center=52.4910592%2C13.3791744&zoom=14&size=900x900&language=en&sensor=false&key=AIzaSyBoYjeRtfVI0Jd8Q_9mnflo9i4sOYpShB0&signature=zoABZxQwCRID8THcBfXYmA1MNQ8,,,52.4677752,13.3785065,"https://www.google.com/maps/place/Tierarztpraxis+Dr.+Fenina+%2B+Burwieck/@52.4677752,13.3785065,17z/data=!3m1!5s0x47a85002f31019a7:0x3180fa0e373c3ee7!4m8!3m7!1s0x47a85002f317819d:0x52c0411d3d9dd9af!8m2!3d52.4677752!4d13.3785065!9m1!1b1!16s%2Fg%2F11clvgfv7x?entry=ttu&g_ep=EgoyMDI2MDYyOS4wIKXMDSoASAFQAw%3D%3D",0x47a85002f317819d:0x52c0411d3d9dd9af,2026-07-02T11:18:34.774Z
Praxis am Kreuzberg,,,,,,50,21,50,21 bis 50 Bewertungen aufgrund von Beschwerden wegen Diffamierung entfernt,,https://maps.google.com/maps/api/staticmap?center=52.4910592%2C13.3791744&zoom=14&size=900x900&language=en&sensor=false&key=AIzaSyBoYjeRtfVI0Jd8Q_9mnflo9i4sOYpShB0&signature=zoABZxQwCRID8THcBfXYmA1MNQ8,,,52.4909663,13.3764796,"https://www.google.com/maps/place/Praxis+am+Kreuzberg/@52.4909663,13.3764796,17z/data=!3m1!5s0x47a8503ab362c945:0xc9973f04bb370443!4m8!3m7!1s0x47a85024c53bf307:0x8c81b292ef57aee4!8m2!3d52.4909663!4d13.3764796!9m1!1b1!16s%2Fg%2F1tks5bxj?entry=ttu&g_ep=EgoyMDI2MDYyOS4wIKXMDSoASAFQAw%3D%3D",0x47a85024c53bf307:0x8c81b292ef57aee4,2026-07-02T10:48:56.184Z
Hisar fresh food,,,,,,250,250,,Über 250 Bewertungen aufgrund von Beschwerden wegen Diffamierung entfernt,,https://maps.google.com/maps/api/staticmap?center=52.4910592%2C13.3791744&zoom=14&size=900x900&language=en&sensor=false&key=AIzaSyBoYjeRtfVI0Jd8Q_9mnflo9i4sOYpShB0&signature=zoABZxQwCRID8THcBfXYmA1MNQ8,,,52.4929428,13.3687721,"https://www.google.com/maps/place/Hisar+fresh+food/@52.4929428,13.3687721,17z/data=!4m8!3m7!1s0x47a85039e2a4afb3:0x6e53d89c0aba27bd!8m2!3d52.4929428!4d13.3687721!9m1!1b1!16s%2Fg%2F1tmbv47d?entry=ttu&g_ep=EgoyMDI2MDYyOS4wIKXMDSoASAFQAw%3D%3D",0x47a85039e2a4afb3:0x6e53d89c0aba27bd,2026-07-02T14:38:52.057Z
Dolce Pizza,,,,,,50,21,50,21 bis 50 Bewertungen aufgrund von Beschwerden wegen Diffamierung entfernt,,https://maps.google.com/maps/api/staticmap?center=52.4910592%2C13.3791744&zoom=14&size=900x900&language=en&sensor=false&key=AIzaSyBoYjeRtfVI0Jd8Q_9mnflo9i4sOYpShB0&signature=zoABZxQwCRID8THcBfXYmA1MNQ8,,,52.4846917,13.3459988,"https://www.google.com/maps/place/Dolce+Pizza/@52.4846917,13.3459988,17z/data=!4m8!3m7!1s0x47a850428201aa25:0xffbf1681b51078af!8m2!3d52.4846917!4d13.3459988!9m1!1b1!16s%2Fg%2F1td7s6qb?entry=ttu&g_ep=EgoyMDI2MDYyOS4wIKXMDSoASAFQAw%3D%3D",0x47a850428201aa25:0xffbf1681b51078af,2026-07-02T14:41:18.801Z
The Mandala Hotel,,,,,,20,11,20,11 bis 20 Bewertungen aufgrund von Beschwerden wegen Diffamierung entfernt,,https://maps.google.com/maps/api/staticmap?center=52.4910592%2C13.3791744&zoom=14&size=900x900&language=en&sensor=false&key=AIzaSyBoYjeRtfVI0Jd8Q_9mnflo9i4sOYpShB0&signature=zoABZxQwCRID8THcBfXYmA1MNQ8,,,52.5089801,13.3736812,"https://www.google.com/maps/place/The+Mandala+Hotel/@52.5089801,13.3736812,17z/data=!3m1!5s0x47a851c97f77872b:0xbae5dc0f46a654b5!4m11!3m10!1s0x47a8504a94b9e203:0xc758fe1a0a764436!5m2!4m1!1i2!8m2!3d52.5089801!4d13.3736812!9m1!1b1!16s%2Fg%2F119v8jmtf?entry=ttu&g_ep=EgoyMDI2MDYyOS4wIKXMDSoASAFQAw%3D%3D",0x47a8504a94b9e203:0xc758fe1a0a764436,2026-07-02T15:14:47.666Z
Eurokinisis,,,,,,50,21,50,21 bis 50 Bewertungen aufgrund von Beschwerden wegen Diffamierung entfernt,,https://maps.google.com/maps/api/staticmap?center=52.4910592%2C13.3791744&zoom=14&size=900x900&language=en&sensor=false&key=AIzaSyBoYjeRtfVI0Jd8Q_9mnflo9i4sOYpShB0&signature=zoABZxQwCRID8THcBfXYmA1MNQ8,,,52.500277,13.351548,"https://www.google.com/maps/place/Eurokinisis/@52.500277,13.351548,17z/data=!3m1!5s0x47a8504de20793e9:0x3bfbea2550951e32!4m8!3m7!1s0x47a8504db622fb2d:0x3f03265219145cd8!8m2!3d52.500277!4d13.351548!9m1!1b1!16s%2Fg%2F11b6x9s7d7?entry=ttu&g_ep=EgoyMDI2MDYyOS4wIKXMDSoASAFQAw%3D%3D",0x47a8504db622fb2d:0x3f03265219145cd8,2026-07-02T12:38:32.625Z
SuperFit Europa-Center,,,,,,50,21,50,21 bis 50 Bewertungen aufgrund von Beschwerden wegen Diffamierung entfernt,,https://maps.google.com/maps/api/staticmap?center=52.4910592%2C13.3791744&zoom=14&size=900x900&language=en&sensor=false&key=AIzaSyBoYjeRtfVI0Jd8Q_9mnflo9i4sOYpShB0&signature=zoABZxQwCRID8THcBfXYmA1MNQ8,,,52.5045242,13.3374223,"https://www.google.com/maps/place/SuperFit+Europa-Center/@52.5045242,13.3374223,17z/data=!4m8!3m7!1s0x47a850559d982e93:0xc7c7693f8fd4132b!8m2!3d52.5045242!4d13.3374223!9m1!1b1!16s%2Fg%2F11c2pph17n?entry=ttu&g_ep=EgoyMDI2MDYyOS4wIKXMDSoASAFQAw%3D%3D",0x47a850559d982e93:0xc7c7693f8fd4132b,2026-07-02T13:47:22.936Z
ProLine Marketing und Management für Immobilien GmbH,,,,,,50,21,50,21 bis 50 Bewertungen aufgrund von Beschwerden wegen Diffamierung entfernt,,https://maps.google.com/maps/api/staticmap?center=52.4910592%2C13.3791744&zoom=14&size=900x900&language=en&sensor=false&key=AIzaSyBoYjeRtfVI0Jd8Q_9mnflo9i4sOYpShB0&signature=zoABZxQwCRID8THcBfXYmA1MNQ8,,,52.4761343,13.3281589,"https://www.google.com/maps/place/ProLine+Marketing+und+Management+f%C3%BCr+Immobilien+GmbH/@52.4761343,13.3281589,17z/data=!4m8!3m7!1s0x47a850632c6d90c1:0xb75260f0e3b41d65!8m2!3d52.4761343!4d13.3281589!9m1!1b1!16s%2Fg%2F1tj88g79?entry=ttu&g_ep=EgoyMDI2MDYyOS4wIKXMDSoASAFQAw%3D%3D",0x47a850632c6d90c1:0xb75260f0e3b41d65,2026-07-02T12:13:33.800Z
Eiffel Berlin,,,,,,100,51,100,51 bis 100 Bewertungen aufgrund von Beschwerden wegen Diffamierung entfernt,,https://maps.google.com/maps/api/staticmap?center=52.4910592%2C13.3791744&zoom=14&size=900x900&language=en&sensor=false&key=AIzaSyBoYjeRtfVI0Jd8Q_9mnflo9i4sOYpShB0&signature=zoABZxQwCRID8THcBfXYmA1MNQ8,,,52.4980648,13.2944415,"https://www.google.com/maps/place/Eiffel+Berlin/@52.4980648,13.2944415,17z/data=!4m8!3m7!1s0x47a850c47834d5ff:0xce5cd32b13277db4!8m2!3d52.4980648!4d13.2944415!9m1!1b1!16s%2Fg%2F1hc1bsr2c?entry=ttu&g_ep=EgoyMDI2MDYyOS4wIKXMDSoASAFQAw%3D%3D",0x47a850c47834d5ff:0xce5cd32b13277db4,2026-07-02T14:15:34.153Z
Aspria Berlin Ku’damm,,,,,,250,250,,Über 250 Bewertungen aufgrund von Beschwerden wegen Diffamierung entfernt,,https://maps.google.com/maps/api/staticmap?center=52.4910592%2C13.3791744&zoom=14&size=900x900&language=en&sensor=false&key=AIzaSyBoYjeRtfVI0Jd8Q_9mnflo9i4sOYpShB0&signature=zoABZxQwCRID8THcBfXYmA1MNQ8,,,52.5003887,13.2941771,"https://www.google.com/maps/place/Aspria+Berlin+Ku%E2%80%99damm/@52.5003887,13.2941771,17z/data=!4m11!3m10!1s0x47a850c4b634ef93:0x2faf0f02eacd864e!5m2!4m1!1i2!8m2!3d52.5003887!4d13.2941771!9m1!1b1!16s%2Fg%2F1hc6wyp96?entry=ttu&g_ep=EgoyMDI2MDYyOS4wIKXMDSoASAFQAw%3D%3D",0x47a850c4b634ef93:0x2faf0f02eacd864e,2026-07-02T15:12:51.465Z
Ristorante Da Toni,,,,,,50,21,50,21 bis 50 Bewertungen aufgrund von Beschwerden wegen Diffamierung entfernt,,https://maps.google.com/maps/api/staticmap?center=52.4910592%2C13.3791744&zoom=14&size=900x900&language=en&sensor=false&key=AIzaSyBoYjeRtfVI0Jd8Q_9mnflo9i4sOYpShB0&signature=zoABZxQwCRID8THcBfXYmA1MNQ8,,,52.4983,13.31914,"https://www.google.com/maps/place/Ristorante+Da+Toni/@52.4983,13.31914,17z/data=!4m8!3m7!1s0x47a850f00672761b:0xd3886c228e38d167!8m2!3d52.4983!4d13.31914!9m1!1b1!16s%2Fg%2F1q62f6m3b?entry=ttu&g_ep=EgoyMDI2MDYyOS4wIKXMDSoASAFQAw%3D%3D",0x47a850f00672761b:0xd3886c228e38d167,2026-07-02T14:25:26.431Z
Zahnärzte Dres. Zimny & Kollegen,,,,,,20,11,20,11 bis 20 Bewertungen aufgrund von Beschwerden wegen Diffamierung entfernt,,https://maps.google.com/maps/api/staticmap?center=52.4910592%2C13.3791744&zoom=14&size=900x900&language=en&sensor=false&key=AIzaSyBoYjeRtfVI0Jd8Q_9mnflo9i4sOYpShB0&signature=zoABZxQwCRID8THcBfXYmA1MNQ8,,,52.4961641,13.3237258,"https://www.google.com/maps/place/Zahn%C3%A4rzte+Dres.+Zimny+%26+Kollegen/@52.4961641,13.3237258,17z/data=!3m1!5s0x47a850f0c49c7201:0xa9eb54dfbf44f103!4m8!3m7!1s0x47a850f0c34f8b31:0xf9feeb90d4df989a!8m2!3d52.4961641!4d13.3237258!9m1!1b1!16s%2Fg%2F1v8gb18f?entry=ttu&g_ep=EgoyMDI2MDYyOS4wIKXMDSoASAFQAw%3D%3D",0x47a850f0c34f8b31:0xf9feeb90d4df989a,2026-07-02T10:15:03.068Z
Söhnel Restaurant Wilmersdorf,,,,,,100,51,100,51 bis 100 Bewertungen aufgrund von Beschwerden wegen Diffamierung entfernt,,https://maps.google.com/maps/api/staticmap?center=52.4910592%2C13.3791744&zoom=14&size=900x900&language=en&sensor=false&key=AIzaSyBoYjeRtfVI0Jd8Q_9mnflo9i4sOYpShB0&signature=zoABZxQwCRID8THcBfXYmA1MNQ8,,,52.4894133,13.3199031,"https://www.google.com/maps/place/S%C3%B6hnel+Restaurant+Wilmersdorf/@52.4894133,13.3199031,17z/data=!4m8!3m7!1s0x47a850f3132c704f:0x856cd1ca75ce758c!8m2!3d52.4894133!4d13.3199031!9m1!1b1!16s%2Fg%2F1tql3tb6?entry=ttu&g_ep=EgoyMDI2MDYyOS4wIKXMDSoASAFQAw%3D%3D",0x47a850f3132c704f:0x856cd1ca75ce758c,2026-07-02T14:13:09.173Z
GRACE Restaurant & Bar,,,,,,50,21,50,21 bis 50 Bewertungen aufgrund von Beschwerden wegen Diffamierung entfernt,,https://maps.google.com/maps/api/staticmap?center=52.4910592%2C13.3791744&zoom=14&size=900x900&language=en&sensor=false&key=AIzaSyBoYjeRtfVI0Jd8Q_9mnflo9i4sOYpShB0&signature=zoABZxQwCRID8THcBfXYmA1MNQ8,,,52.5036817,13.3289798,"https://www.google.com/maps/place/GRACE+Restaurant+%26+Bar/@52.5036817,13.3289798,17z/data=!4m8!3m7!1s0x47a850fea675fae5:0x84e636bbfd4d40f5!8m2!3d52.5036817!4d13.3289798!9m1!1b1!16s%2Fg%2F11bt_j3gkd?entry=ttu&g_ep=EgoyMDI2MDYyOS4wIKXMDSoASAFQAw%3D%3D",0x47a850fea675fae5:0x84e636bbfd4d40f5,2026-07-02T13:19:00.116Z
Darbar,,,,,,150,101,150,101 bis 150 Bewertungen aufgrund von Beschwerden wegen Diffamierung entfernt,,https://maps.google.com/maps/api/staticmap?center=52.4910592%2C13.3791744&zoom=14&size=900x900&language=en&sensor=false&key=AIzaSyBoYjeRtfVI0Jd8Q_9mnflo9i4sOYpShB0&signature=zoABZxQwCRID8THcBfXYmA1MNQ8,,,52.5308239,13.330959,"https://www.google.com/maps/place/Darbar/@52.5308239,13.330959,17z/data=!4m8!3m7!1s0x47a8510177db5ecb:0xab46d1282cea7967!8m2!3d52.5308239!4d13.330959!9m1!1b1!16s%2Fg%2F11lj9n97t4?entry=ttu&g_ep=EgoyMDI2MDYyOS4wIKXMDSoASAFQAw%3D%3D",0x47a8510177db5ecb:0xab46d1282cea7967,2026-07-02T14:54:05.457Z
"Moadent Zahn-, Mund- und Kieferheilkunde",,,,,,20,11,20,11 bis 20 Bewertungen aufgrund von Beschwerden wegen Diffamierung entfernt,,https://maps.google.com/maps/api/staticmap?center=52.4910592%2C13.3791744&zoom=14&size=900x900&language=en&sensor=false&key=AIzaSyBoYjeRtfVI0Jd8Q_9mnflo9i4sOYpShB0&signature=zoABZxQwCRID8THcBfXYmA1MNQ8,,,52.5264984,13.3421233,"https://www.google.com/maps/place/Moadent+Zahn-,+Mund-+und+Kieferheilkunde/@52.5264984,13.3421233,17z/data=!3m1!5s0x47a8510b103b450d:0x8557fde687677444!4m8!3m7!1s0x47a8510b0c1c52b1:0x5f3afcb928f0256c!8m2!3d52.5264984!4d13.3421233!9m1!1b1!16s%2Fg%2F1q64kw6lc?entry=ttu&g_ep=EgoyMDI2MDYyOS4wIKXMDSoASAFQAw%3D%3D",0x47a8510b0c1c52b1:0x5f3afcb928f0256c,2026-07-02T10:26:34.491Z
Hautarztpraxis Helena Dröge,,,,,,150,101,150,101 bis 150 Bewertungen aufgrund von Beschwerden wegen Diffamierung entfernt,,https://maps.google.com/maps/api/staticmap?center=52.4910592%2C13.3791744&zoom=14&size=900x900&language=en&sensor=false&key=AIzaSyBoYjeRtfVI0Jd8Q_9mnflo9i4sOYpShB0&signature=zoABZxQwCRID8THcBfXYmA1MNQ8,,,52.5246766,13.3335561,"https://www.google.com/maps/place/Hautarztpraxis+Helena+Dr%C3%B6ge/@52.5246766,13.3335561,17z/data=!3m1!5s0x47a8510de7760e19:0x2be703cc5f4346bf!4m8!3m7!1s0x47a8510c83795849:0xe67875fcec955a91!8m2!3d52.5246766!4d13.3335561!9m1!1b1!16s%2Fg%2F11cllg3vjn?entry=ttu&g_ep=EgoyMDI2MDYyOS4wIKXMDSoASAFQAw%3D%3D",0x47a8510c83795849:0xe67875fcec955a91,2026-07-02T10:44:37.028Z
Zahnecke Berlin | Maxim Abramov und Partner,,,,,,20,11,20,11 bis 20 Bewertungen aufgrund von Beschwerden wegen Diffamierung entfernt,,https://maps.google.com/maps/api/staticmap?center=52.4910592%2C13.3791744&zoom=14&size=900x900&language=en&sensor=false&key=AIzaSyBoYjeRtfVI0Jd8Q_9mnflo9i4sOYpShB0&signature=zoABZxQwCRID8THcBfXYmA1MNQ8,,,52.521771,13.324572,"https://www.google.com/maps/place/Zahnecke+Berlin+%7C+Maxim+Abramov+und+Partner/@52.521771,13.324572,17z/data=!4m8!3m7!1s0x47a85110e8a1cc2b:0x5e88a049e5b5b080!8m2!3d52.521771!4d13.324572!9m1!1b1!16s%2Fg%2F11cr_5gqmn?entry=ttu&g_ep=EgoyMDI2MDYyOS4wIKXMDSoASAFQAw%3D%3D",0x47a85110e8a1cc2b:0x5e88a049e5b5b080,2026-07-02T10:13:38.603Z
Baran Döner Station,,,,,,150,101,150,101 bis 150 Bewertungen aufgrund von Beschwerden wegen Diffamierung entfernt,,https://maps.google.com/maps/api/staticmap?center=52.4910592%2C13.3791744&zoom=14&size=900x900&language=en&sensor=false&key=AIzaSyBoYjeRtfVI0Jd8Q_9mnflo9i4sOYpShB0&signature=zoABZxQwCRID8THcBfXYmA1MNQ8,,,52.527435,13.3306348,"https://www.google.com/maps/place/Baran+D%C3%B6ner+Station/@52.527435,13.3306348,17z/data=!4m8!3m7!1s0x47a85112860d1921:0xc653bc934c777f90!8m2!3d52.527435!4d13.3306348!9m1!1b1!16s%2Fg%2F11b6zp80yk?entry=ttu&g_ep=EgoyMDI2MDYyOS4wIKXMDSoASAFQAw%3D%3D",0x47a85112860d1921:0xc653bc934c777f90,2026-07-02T14:50:28.534Z
FL Motors,,,,,,20,11,20,11 bis 20 Bewertungen aufgrund von Beschwerden wegen Diffamierung entfernt,,https://maps.google.com/maps/api/staticmap?center=52.4910592%2C13.3791744&zoom=14&size=900x900&language=en&sensor=false&key=AIzaSyBoYjeRtfVI0Jd8Q_9mnflo9i4sOYpShB0&signature=zoABZxQwCRID8THcBfXYmA1MNQ8,,,52.5122127,13.3122825,"https://www.google.com/maps/place/FL+Motors/@52.5122127,13.3122825,17z/data=!4m8!3m7!1s0x47a8511fbd630701:0xd370acdf88887860!8m2!3d52.5122127!4d13.3122825!9m1!1b1!16s%2Fg%2F11gfh_x3rv?entry=ttu&g_ep=EgoyMDI2MDYyOS4wIKXMDSoASAFQAw%3D%3D",0x47a8511fbd630701:0xd370acdf88887860,2026-07-02T12:43:02.760Z
Laserazor Laser Haarentfernung,,,,,,20,11,20,11 bis 20 Bewertungen aufgrund von Beschwerden wegen Diffamierung entfernt,,https://maps.google.com/maps/api/staticmap?center=52.4910592%2C13.3791744&zoom=14&size=900x900&language=en&sensor=false&key=AIzaSyBoYjeRtfVI0Jd8Q_9mnflo9i4sOYpShB0&signature=zoABZxQwCRID8THcBfXYmA1MNQ8,,,52.5078798,13.315868,"https://www.google.com/maps/place/Laserazor+Laser+Haarentfernung/@52.5078798,13.315868,17z/data=!4m8!3m7!1s0x47a851302746a539:0x4a04078ee6cc7b84!8m2!3d52.5078798!4d13.315868!9m1!1b1!16s%2Fg%2F11sbl1s7md?entry=ttu&g_ep=EgoyMDI2MDYyOS4wIKXMDSoASAFQAw%3D%3D",0x47a851302746a539:0x4a04078ee6cc7b84,2026-07-02T13:41:46.821Z
Sickinger Hof,,,,,,20,11,20,11 bis 20 Bewertungen aufgrund von Beschwerden wegen Diffamierung entfernt,,https://maps.google.com/maps/api/staticmap?center=52.4910592%2C13.3791744&zoom=14&size=900x900&language=en&sensor=false&key=AIzaSyBoYjeRtfVI0Jd8Q_9mnflo9i4sOYpShB0&signature=zoABZxQwCRID8THcBfXYmA1MNQ8,,,52.5331031,13.3280575,"https://www.google.com/maps/place/Sickinger+Hof/@52.5331031,13.3280575,17z/data=!4m11!3m10!1s0x47a8516c7e99f52b:0xfe2f320094aa9a8c!5m2!4m1!1i2!8m2!3d52.5331031!4d13.3280575!9m1!1b1!16s%2Fg%2F1tx8s75s?entry=ttu&g_ep=EgoyMDI2MDYyOS4wIKXMDSoASAFQAw%3D%3D",0x47a8516c7e99f52b:0xfe2f320094aa9a8c,2026-07-02T15:06:55.147Z
MVZ Zahnärzte am Weddingplatz,,,,,,20,11,20,11 bis 20 Bewertungen aufgrund von Beschwerden wegen Diffamierung entfernt,,https://maps.google.com/maps/api/staticmap?center=52.4910592%2C13.3791744&zoom=14&size=900x900&language=en&sensor=false&key=AIzaSyBoYjeRtfVI0Jd8Q_9mnflo9i4sOYpShB0&signature=zoABZxQwCRID8THcBfXYmA1MNQ8,,,52.5420108,13.3701865,"https://www.google.com/maps/place/MVZ+Zahn%C3%A4rzte+am+Weddingplatz/@52.5420108,13.3701865,17z/data=!3m1!5s0x47a851b7b0f97e4f:0x751c062461db9def!4m8!3m7!1s0x47a8518604c660b3:0x870962c01c872887!8m2!3d52.5420108!4d13.3701865!9m1!1b1!16s%2Fg%2F1tdkfp59?entry=ttu&g_ep=EgoyMDI2MDYyOS4wIKXMDSoASAFQAw%3D%3D",0x47a8518604c660b3:0x870962c01c872887,2026-07-02T10:07:41.374Z
Restaurant Marjan Grill - Berlin,,,,,,150,101,150,101 bis 150 Bewertungen aufgrund von Beschwerden wegen Diffamierung entfernt,,https://maps.google.com/maps/api/staticmap?center=52.4910592%2C13.3791744&zoom=14&size=900x900&language=en&sensor=false&key=AIzaSyBoYjeRtfVI0Jd8Q_9mnflo9i4sOYpShB0&signature=zoABZxQwCRID8THcBfXYmA1MNQ8,,,52.520105,13.346698,"https://www.google.com/maps/place/Restaurant+Marjan+Grill+-+Berlin/@52.520105,13.346698,17z/data=!4m8!3m7!1s0x47a851a70be3c5b9:0xfaf8e8ce7f725e54!8m2!3d52.520105!4d13.346698!9m1!1b1!16s%2Fg%2F1tx_5d20?entry=ttu&g_ep=EgoyMDI2MDYyOS4wIKXMDSoASAFQAw%3D%3D",0x47a851a70be3c5b9:0xfaf8e8ce7f725e54,2026-07-02T14:29:26.746Z
Das Stue,,,,,,20,11,20,11 bis 20 Bewertungen aufgrund von Beschwerden wegen Diffamierung entfernt,,https://maps.google.com/maps/api/staticmap?center=52.4910592%2C13.3791744&zoom=14&size=900x900&language=en&sensor=false&key=AIzaSyBoYjeRtfVI0Jd8Q_9mnflo9i4sOYpShB0&signature=zoABZxQwCRID8THcBfXYmA1MNQ8,,,52.509831,13.345882,"https://www.google.com/maps/place/Das+Stue/@52.509831,13.345882,17z/data=!3m1!5s0x47a851ab90ecd43b:0x6a8777d4f1cea7b0!4m8!3m7!1s0x47a851ab90e68419:0xc1313f759fa61d5b!8m2!3d52.509831!4d13.345882!9m1!1b1!16s%2Fg%2F12ml2wy2k?entry=ttu&g_ep=EgoyMDI2MDYyOS4wIKXMDSoASAFQAw%3D%3D",0x47a851ab90e68419:0xc1313f759fa61d5b,2026-07-02T15:19:39.240Z
Orthopädie-Praxis DocOrtho – Die Bewegungsprofis,,,,,,50,21,50,21 bis 50 Bewertungen aufgrund von Beschwerden wegen Diffamierung entfernt,,https://maps.google.com/maps/api/staticmap?center=52.4910592%2C13.3791744&zoom=14&size=900x900&language=en&sensor=false&key=AIzaSyBoYjeRtfVI0Jd8Q_9mnflo9i4sOYpShB0&signature=zoABZxQwCRID8THcBfXYmA1MNQ8,,,52.519054,13.3889354,"https://www.google.com/maps/place/Orthop%C3%A4die-Praxis+DocOrtho+%E2%80%93+Die+Bewegungsprofis/@52.519054,13.3889354,17z/data=!3m1!5s0x47a84fdc2df7cc8b:0x7a8d8e897582900d!4m8!3m7!1s0x47a851c33fbc95c7:0x6a93ac3b5b73e102!8m2!3d52.519054!4d13.3889354!9m1!1b1!16s%2Fg%2F1tfcs7ps?entry=ttu&g_ep=EgoyMDI2MDYyOS4wIKXMDSoASAFQAw%3D%3D",0x47a851c33fbc95c7:0x6a93ac3b5b73e102,2026-07-02T10:48:12.906Z
Korte Rechtsanwalt,,,,,,50,21,50,21 bis 50 Bewertungen aufgrund von Beschwerden wegen Diffamierung entfernt,,https://maps.google.com/maps/api/staticmap?center=52.4910592%2C13.3791744&zoom=14&size=900x900&language=en&sensor=false&key=AIzaSyBoYjeRtfVI0Jd8Q_9mnflo9i4sOYpShB0&signature=zoABZxQwCRID8THcBfXYmA1MNQ8,,,52.5464588,13.42671,"https://www.google.com/maps/place/Korte+Rechtsanwalt/@52.5464588,13.42671,17z/data=!3m1!5s0x47a84df956deac37:0x49e6acedf1aa044d!4m8!3m7!1s0x47a851db55d664e7:0x86b0cb917cff8916!8m2!3d52.5464588!4d13.42671!9m1!1b1!16s%2Fg%2F1tdydnq7?entry=ttu&g_ep=EgoyMDI2MDYyOS4wIKXMDSoASAFQAw%3D%3D",0x47a851db55d664e7:0x86b0cb917cff8916,2026-07-02T11:33:10.775Z
Casa Camper Berlin,,,,,,150,101,150,101 bis 150 Bewertungen aufgrund von Beschwerden wegen Diffamierung entfernt,,https://maps.google.com/maps/api/staticmap?center=52.4910592%2C13.3791744&zoom=14&size=900x900&language=en&sensor=false&key=AIzaSyBoYjeRtfVI0Jd8Q_9mnflo9i4sOYpShB0&signature=zoABZxQwCRID8THcBfXYmA1MNQ8,,,52.5257485,13.4040458,"https://www.google.com/maps/place/Casa+Camper+Berlin/@52.5257485,13.4040458,17z/data=!4m11!3m10!1s0x47a851e16eac9945:0xc69cf58985425d78!5m2!4m1!1i2!8m2!3d52.5257485!4d13.4040458!9m1!1b1!16s%2Fg%2F1tdvcm8p?entry=ttu&g_ep=EgoyMDI2MDYyOS4wIKXMDSoASAFQAw%3D%3D",0x47a851e16eac9945:0xc69cf58985425d78,2026-07-02T15:05:45.753Z
Luxa,,,,,,50,21,50,21 bis 50 Bewertungen aufgrund von Beschwerden wegen Diffamierung entfernt,,https://maps.google.com/maps/api/staticmap?center=52.4910592%2C13.3791744&zoom=14&size=900x900&language=en&sensor=false&key=AIzaSyBoYjeRtfVI0Jd8Q_9mnflo9i4sOYpShB0&signature=zoABZxQwCRID8THcBfXYmA1MNQ8,,,52.5286856,13.4090267,"https://www.google.com/maps/place/Luxa/@52.5286856,13.4090267,17z/data=!4m8!3m7!1s0x47a851e266d5aae1:0x95d8edc990b1a72!8m2!3d52.5286856!4d13.4090267!9m1!1b1!16s%2Fg%2F1q6j9h7qz?entry=ttu&g_ep=EgoyMDI2MDYyOS4wIKXMDSoASAFQAw%3D%3D",0x47a851e266d5aae1:0x95d8edc990b1a72,2026-07-02T14:33:20.404Z
THE NAIL BAR,,,,,,20,11,20,11 bis 20 Bewertungen aufgrund von Beschwerden wegen Diffamierung entfernt,,https://maps.google.com/maps/api/staticmap?center=52.4910592%2C13.3791744&zoom=14&size=900x900&language=en&sensor=false&key=AIzaSyBoYjeRtfVI0Jd8Q_9mnflo9i4sOYpShB0&signature=zoABZxQwCRID8THcBfXYmA1MNQ8,,,52.4867183,13.3237475,"https://www.google.com/maps/place/THE+NAIL+BAR/@52.4867183,13.3237475,17z/data=!3m1!5s0x47a8508b2f2a5b63:0x72fe45653fc61322!4m8!3m7!1s0x47a851f037d71f93:0x4ecd997b8f1debc8!8m2!3d52.4867183!4d13.3237475!9m1!1b1!16s%2Fg%2F11ft74cdvk?entry=ttu&g_ep=EgoyMDI2MDYyOS4wIKXMDSoASAFQAw%3D%3D",0x47a851f037d71f93:0x4ecd997b8f1debc8,2026-07-02T13:27:35.315Z
"EyeCare Berlin, Augenarztpraxis und ambulantes OP-Zentrum",,,,,,50,21,50,21 bis 50 Bewertungen aufgrund von Beschwerden wegen Diffamierung entfernt,,https://maps.google.com/maps/api/staticmap?center=52.4910592%2C13.3791744&zoom=14&size=900x900&language=en&sensor=false&key=AIzaSyBoYjeRtfVI0Jd8Q_9mnflo9i4sOYpShB0&signature=zoABZxQwCRID8THcBfXYmA1MNQ8,,,52.5406181,13.3938746,"https://www.google.com/maps/place/EyeCare+Berlin,+Augenarztpraxis+und+ambulantes+OP-Zentrum/@52.5406181,13.3938746,17z/data=!3m1!5s0x47a851f69968ba4d:0x2a3681fba9782859!4m8!3m7!1s0x47a851f685f76997:0x3368dbd78c5941a1!8m2!3d52.5406181!4d13.3938746!9m1!1b1!16s%2Fg%2F1tgx5mwc?entry=ttu&g_ep=EgoyMDI2MDYyOS4wIKXMDSoASAFQAw%3D%3D",0x47a851f685f76997:0x3368dbd78c5941a1,2026-07-02T10:40:57.216Z
Dr. medic stom. Roman Kogan,,,,,,50,21,50,21 bis 50 Bewertungen aufgrund von Beschwerden wegen Diffamierung entfernt,,https://maps.google.com/maps/api/staticmap?center=52.4910592%2C13.3791744&zoom=14&size=900x900&language=en&sensor=false&key=AIzaSyBoYjeRtfVI0Jd8Q_9mnflo9i4sOYpShB0&signature=zoABZxQwCRID8THcBfXYmA1MNQ8,,,52.54212,13.41266,"https://www.google.com/maps/place/Dr.+medic+stom.+Roman+Kogan/@52.54212,13.41266,17z/data=!3m1!5s0x47a859e0e41152db:0x8a5b1f8b5b140dbb!4m8!3m7!1s0x47a851ff7d9c45bb:0xb4b693a7cc700533!8m2!3d52.54212!4d13.41266!9m1!1b1!16s%2Fg%2F1vp6z6kl?entry=ttu&g_ep=EgoyMDI2MDYyOS4wIKXMDSoASAFQAw%3D%3D",0x47a851ff7d9c45bb:0xb4b693a7cc700533,2026-07-02T10:15:46.307Z
Bergmann Pizza,,,,,,100,51,100,51 bis 100 Bewertungen aufgrund von Beschwerden wegen Diffamierung entfernt,,https://maps.google.com/maps/api/staticmap?center=52.4910592%2C13.3791744&zoom=14&size=900x900&language=en&sensor=false&key=AIzaSyBoYjeRtfVI0Jd8Q_9mnflo9i4sOYpShB0&signature=zoABZxQwCRID8THcBfXYmA1MNQ8,,,52.5891873,13.2814401,"https://www.google.com/maps/place/Bergmann+Pizza/@52.5891873,13.2814401,17z/data=!4m8!3m7!1s0x47a85443288aa323:0x804d40ad9435db45!8m2!3d52.5891873!4d13.2814401!9m1!1b1!16s%2Fg%2F1hc54q2yp?entry=ttu&g_ep=EgoyMDI2MDYyOS4wIKXMDSoASAFQAw%3D%3D",0x47a85443288aa323:0x804d40ad9435db45,2026-07-02T14:50:47.822Z
Autohaus Oranien,,,,,,20,11,20,11 bis 20 Bewertungen aufgrund von Beschwerden wegen Diffamierung entfernt,,https://maps.google.com/maps/api/staticmap?center=52.4910592%2C13.3791744&zoom=14&size=900x900&language=en&sensor=false&key=AIzaSyBoYjeRtfVI0Jd8Q_9mnflo9i4sOYpShB0&signature=zoABZxQwCRID8THcBfXYmA1MNQ8,,,52.5804633,13.3009303,"https://www.google.com/maps/place/Autohaus+Oranien/@52.5804633,13.3009303,17z/data=!4m8!3m7!1s0x47a85473b46e9a3b:0x916f77340666e40!8m2!3d52.5804633!4d13.3009303!9m1!1b1!16s%2Fg%2F1hc1k175_?entry=ttu&g_ep=EgoyMDI2MDYyOS4wIKXMDSoASAFQAw%3D%3D",0x47a85473b46e9a3b:0x916f77340666e40,2026-07-02T12:36:46.749Z
GYMFIT,,,,,,50,21,50,21 bis 50 Bewertungen aufgrund von Beschwerden wegen Diffamierung entfernt,,https://maps.google.com/maps/api/staticmap?center=52.4910592%2C13.3791744&zoom=14&size=900x900&language=en&sensor=false&key=AIzaSyBoYjeRtfVI0Jd8Q_9mnflo9i4sOYpShB0&signature=zoABZxQwCRID8THcBfXYmA1MNQ8,,,52.5372314,13.2061681,"https://www.google.com/maps/place/GYMFIT/@52.5372314,13.2061681,17z/data=!4m8!3m7!1s0x47a856442036201f:0x6fc18eea90cfd141!8m2!3d52.5372314!4d13.2061681!9m1!1b1!16s%2Fg%2F11f_c0cpfg?entry=ttu&g_ep=EgoyMDI2MDYyOS4wIKXMDSoASAFQAw%3D%3D",0x47a856442036201f:0x6fc18eea90cfd141,2026-07-02T13:48:38.773Z
Pho & More Restaurant Berlin,,,,,,50,21,50,21 bis 50 Bewertungen aufgrund von Beschwerden wegen Diffamierung entfernt,,https://maps.google.com/maps/api/staticmap?center=52.4910592%2C13.3791744&zoom=14&size=900x900&language=en&sensor=false&key=AIzaSyBoYjeRtfVI0Jd8Q_9mnflo9i4sOYpShB0&signature=zoABZxQwCRID8THcBfXYmA1MNQ8,,,52.5376623,13.2020996,"https://www.google.com/maps/place/Pho+%26+More+Restaurant+Berlin/@52.5376623,13.2020996,17z/data=!3m1!5s0x47a85647202f65f3:0xf8b420a9319074df!4m8!3m7!1s0x47a856472024f5a9:0x1b9cb10b2082eadc!8m2!3d52.5376623!4d13.2020996!9m1!1b1!16s%2Fg%2F1tdck_bs?entry=ttu&g_ep=EgoyMDI2MDYyOS4wIKXMDSoASAFQAw%3D%3D",0x47a856472024f5a9:0x1b9cb10b2082eadc,2026-07-02T14:43:44.568Z
Hotel Herbst Berlin,,,,,,100,51,100,51 bis 100 Bewertungen aufgrund von Beschwerden wegen Diffamierung entfernt,,https://maps.google.com/maps/api/staticmap?center=52.4910592%2C13.3791744&zoom=14&size=900x900&language=en&sensor=false&key=AIzaSyBoYjeRtfVI0Jd8Q_9mnflo9i4sOYpShB0&signature=zoABZxQwCRID8THcBfXYmA1MNQ8,,,52.5379642,13.202361,"https://www.google.com/maps/place/Hotel+Herbst+Berlin/@52.5379642,13.202361,17z/data=!4m11!3m10!1s0x47a8564720ea5f3b:0x9689d321656121c0!5m2!4m1!1i2!8m2!3d52.5379642!4d13.202361!9m1!1b1!16s%2Fg%2F1vyn2xc9?entry=ttu&g_ep=EgoyMDI2MDYyOS4wIKXMDSoASAFQAw%3D%3D",0x47a8564720ea5f3b:0x9689d321656121c0,2026-07-02T15:03:35.857Z
e-drive Center | Green City Mobility UG (haftungsbeschränkt),,,,,,50,21,50,21 bis 50 Bewertungen aufgrund von Beschwerden wegen Diffamierung entfernt,,https://maps.google.com/maps/api/staticmap?center=52.4910592%2C13.3791744&zoom=14&size=900x900&language=en&sensor=false&key=AIzaSyBoYjeRtfVI0Jd8Q_9mnflo9i4sOYpShB0&signature=zoABZxQwCRID8THcBfXYmA1MNQ8,,,52.4116759,13.2754336,"https://www.google.com/maps/place/e-drive+Center+%7C+Green+City+Mobility+UG+(haftungsbeschr%C3%A4nkt)/@52.4116759,13.2754336,17z/data=!3m1!5s0x47a85bbb57c798f3:0x13ea1d10d1900801!4m8!3m7!1s0x47a856c9c7b9caab:0xe90d837b50da0e6d!8m2!3d52.4116759!4d13.2754336!9m1!1b1!16s%2Fg%2F11dzw5hrzk?entry=ttu&g_ep=EgoyMDI2MDYyOS4wIKXMDSoASAFQAw%3D%3D",0x47a856c9c7b9caab:0xe90d837b50da0e6d,2026-07-02T12:51:22.695Z
Lamborghini Berlin,,,,,,20,11,20,11 bis 20 Bewertungen aufgrund von Beschwerden wegen Diffamierung entfernt,,https://maps.google.com/maps/api/staticmap?center=52.4910592%2C13.3791744&zoom=14&size=900x900&language=en&sensor=false&key=AIzaSyBoYjeRtfVI0Jd8Q_9mnflo9i4sOYpShB0&signature=zoABZxQwCRID8THcBfXYmA1MNQ8,,,52.540718,13.220295,"https://www.google.com/maps/place/Lamborghini+Berlin/@52.540718,13.220295,17z/data=!4m8!3m7!1s0x47a857d05c7baa3d:0xf61eb41fef8be611!8m2!3d52.540718!4d13.220295!9m1!1b1!16s%2Fg%2F11fmd8y4nb?entry=ttu&g_ep=EgoyMDI2MDYyOS4wIKXMDSoASAFQAw%3D%3D",0x47a857d05c7baa3d:0xf61eb41fef8be611,2026-07-02T12:48:18.147Z
Teloneio Greek Taverna,,,,,,100,51,100,51 bis 100 Bewertungen aufgrund von Beschwerden wegen Diffamierung entfernt,,https://maps.google.com/maps/api/staticmap?center=52.4910592%2C13.3791744&zoom=14&size=900x900&language=en&sensor=false&key=AIzaSyBoYjeRtfVI0Jd8Q_9mnflo9i4sOYpShB0&signature=zoABZxQwCRID8THcBfXYmA1MNQ8,,,52.5399239,13.2074431,"https://www.google.com/maps/place/Teloneio+Greek+Taverna/@52.5399239,13.2074431,17z/data=!4m8!3m7!1s0x47a857ff391d6a4f:0xd80993d3d0ed0502!8m2!3d52.5399239!4d13.2074431!9m1!1b1!16s%2Fg%2F11fnwwhq1y?entry=ttu&g_ep=EgoyMDI2MDYyOS4wIKXMDSoASAFQAw%3D%3D",0x47a857ff391d6a4f:0xd80993d3d0ed0502,2026-07-02T14:12:51.890Z
Trattoria Piazza Siciliana,,,,,,50,21,50,21 bis 50 Bewertungen aufgrund von Beschwerden wegen Diffamierung entfernt,,https://maps.google.com/maps/api/staticmap?center=52.4910592%2C13.3791744&zoom=14&size=900x900&language=en&sensor=false&key=AIzaSyBoYjeRtfVI0Jd8Q_9mnflo9i4sOYpShB0&signature=zoABZxQwCRID8THcBfXYmA1MNQ8,,,52.4304019,13.2304773,"https://www.google.com/maps/place/Trattoria+Piazza+Siciliana/@52.4304019,13.2304773,17z/data=!4m8!3m7!1s0x47a85978d12eeceb:0xe263e0ee6738a3bb!8m2!3d52.4304019!4d13.2304773!9m1!1b1!16s%2Fg%2F11byx7ybyc?entry=ttu&g_ep=EgoyMDI2MDYyOS4wIKXMDSoASAFQAw%3D%3D",0x47a85978d12eeceb:0xe263e0ee6738a3bb,2026-07-02T14:17:38.158Z
clever fit Zehlendorf,,,,,,50,21,50,21 bis 50 Bewertungen aufgrund von Beschwerden wegen Diffamierung entfernt,,https://maps.google.com/maps/api/staticmap?center=52.4910592%2C13.3791744&zoom=14&size=900x900&language=en&sensor=false&key=AIzaSyBoYjeRtfVI0Jd8Q_9mnflo9i4sOYpShB0&signature=zoABZxQwCRID8THcBfXYmA1MNQ8,,,52.4350624,13.2585887,"https://www.google.com/maps/place/clever+fit+Zehlendorf/@52.4350624,13.2585887,17z/data=!4m8!3m7!1s0x47a85a318aad2637:0xa32dd87f736bfa91!8m2!3d52.4350624!4d13.2585887!9m1!1b1!16s%2Fg%2F1q5blpbng?entry=ttu&g_ep=EgoyMDI2MDYyOS4wIKXMDSoASAFQAw%3D%3D",0x47a85a318aad2637:0xa32dd87f736bfa91,2026-07-02T14:02:57.753Z
Valera Tierklinik Berlin,,,,,,50,21,50,21 bis 50 Bewertungen aufgrund von Beschwerden wegen Diffamierung entfernt,,https://maps.google.com/maps/api/staticmap?center=52.4910592%2C13.3791744&zoom=14&size=900x900&language=en&sensor=false&key=AIzaSyBoYjeRtfVI0Jd8Q_9mnflo9i4sOYpShB0&signature=zoABZxQwCRID8THcBfXYmA1MNQ8,,,52.4337469,13.2467881,"https://www.google.com/maps/place/Valera+Tierklinik+Berlin/@52.4337469,13.2467881,17z/data=!3m1!5s0x47a85a2b9c1ee139:0x356cc9d2b0edd0da!4m8!3m7!1s0x47a85bc4b5b44561:0x815ff66b6440125e!8m2!3d52.4337469!4d13.2467881!9m1!1b1!16s%2Fg%2F11t28f8n9h?entry=ttu&g_ep=EgoyMDI2MDYyOS4wIKXMDSoASAFQAw%3D%3D",0x47a85bc4b5b44561:0x815ff66b6440125e,2026-07-02T11:17:27.542Z
Dr.med.vet. Christine Müller vet,,,,,,20,11,20,11 bis 20 Bewertungen aufgrund von Beschwerden wegen Diffamierung entfernt,,https://maps.google.com/maps/api/staticmap?center=52.4910592%2C13.3791744&zoom=14&size=900x900&language=en&sensor=false&key=AIzaSyBoYjeRtfVI0Jd8Q_9mnflo9i4sOYpShB0&signature=zoABZxQwCRID8THcBfXYmA1MNQ8,,,52.5310782,13.1486581,"https://www.google.com/maps/place/Dr.med.vet.+Christine+M%C3%BCller+vet/@52.5310782,13.1486581,17z/data=!4m8!3m7!1s0x47a8f887d67b36f5:0x48cad9d5cabcb581!8m2!3d52.5310782!4d13.1486581!9m1!1b1!16s%2Fg%2F1tg85pmp?entry=ttu&g_ep=EgoyMDI2MDYyOS4wIKXMDSoASAFQAw%3D%3D",0x47a8f887d67b36f5:0x48cad9d5cabcb581,2026-07-02T11:22:45.318Z
Mediwelt Immobilienwerte GmbH,,,,,,20,11,20,11 bis 20 Bewertungen aufgrund von Beschwerden wegen Diffamierung entfernt,,https://maps.google.com/maps/api/staticmap?center=52.4910592%2C13.3791744&zoom=14&size=900x900&language=en&sensor=false&key=AIzaSyBoYjeRtfVI0Jd8Q_9mnflo9i4sOYpShB0&signature=zoABZxQwCRID8THcBfXYmA1MNQ8,,,52.4989202,13.2906861,"https://www.google.com/maps/place/Mediwelt+Immobilienwerte+GmbH/@52.4989202,13.2906861,17z/data=!4m8!3m7!1s0x47a8f9be2c044a1f:0xe78c155c448625a3!8m2!3d52.4989202!4d13.2906861!9m1!1b1!16s%2Fg%2F11k925q139?entry=ttu&g_ep=EgoyMDI2MDYyOS4wIKXMDSoASAFQAw%3D%3D",0x47a8f9be2c044a1f:0xe78c155c448625a3,2026-07-02T12:16:16.098Z
Hotel Lindenufer,,,,,,100,51,100,51 bis 100 Bewertungen aufgrund von Beschwerden wegen Diffamierung entfernt,,https://maps.google.com/maps/api/staticmap?center=52.4910592%2C13.3791744&zoom=14&size=900x900&language=en&sensor=false&key=AIzaSyBoYjeRtfVI0Jd8Q_9mnflo9i4sOYpShB0&signature=zoABZxQwCRID8THcBfXYmA1MNQ8,,,52.538115,13.2071477,"https://www.google.com/maps/place/Hotel+Lindenufer/@52.538115,13.2071477,17z/data=!4m11!3m10!1s0x47bf23d8371920b9:0xe81f001cc61fd874!5m2!4m1!1i2!8m2!3d52.538115!4d13.2071477!9m1!1b1!16s%2Fg%2F11b6gc3tdw?entry=ttu&g_ep=EgoyMDI2MDYyOS4wIKXMDSoASAFQAw%3D%3D",0x47bf23d8371920b9:0xe81f001cc61fd874,2026-07-02T15:04:10.687Z
,Restaurant,Berlin-Bezirk Friedrichshain-Kreuzberg,10245,"Address: Holteistraße 6-9, 10245 Berlin-Bezirk Friedrichshain-Kreuzberg",,20,11,20,11 bis 20 Bewertungen aufgrund von Beschwerden wegen Diffamierung entfernt,http://www.alte-turnhalle-berlin.de/,https://lh3.googleusercontent.com/gps-cs-s/APNQkAGeUjNalcHeuBOCVkt_hhwHcvluyxgT-EGbXsn-BeICrU6NsqsaC5DXG3nQ93WsuuvEAIpcuSbUOeYOZYYkfHXuxB-hr8l0N3FgZbTPITBqyj0JLZrVZtxnwLVfCR5UYvQCY9J6=w408-h272-k-no,,,,,https://www.google.com/maps/search/?api=1&query=Alte%20Turnhalle%20Berlin%20Berlin,https://www.google.com/maps/search/?api=1&query=Alte%20Turnhalle%20Berlin%20Berlin,2026-07-02T14:19:02.711Z
,Add a label,Berlin-Bezirk Charlottenburg-Wilmersdorf,10711,"Address: Karlsruher Str. 20, 10711 Berlin-Bezirk Charlottenburg-Wilmersdorf",,250,250,,Über 250 Bewertungen aufgrund von Beschwerden wegen Diffamierung entfernt,https://www.aspria.com/de/berlin-kudamm/,https://lh3.googleusercontent.com/gps-cs-s/APNQkAEYQHSria9kWZzvzqCkClq0w5ZWAFBRT6yDNcJkxgBi6L_NNNVblNo1PbnafFT-MRysG_Fq5Am_mVBol8Le2tN2NWrQqQk0Fc3vHgVkOgfniBNBKahmZ3YQtvUvp4Xr-iLO8SH5fw=w458-h240-k-no,,,,,https://www.google.com/maps/search/?api=1&query=Aspria%20Berlin,https://www.google.com/maps/search/?api=1&query=Aspria%20Berlin,2026-07-02T13:46:37.529Z
,Add a label,Berlin-Bezirk Charlottenburg-Wilmersdorf,10711,"Address: Karlsruher Str. 20, 10711 Berlin-Bezirk Charlottenburg-Wilmersdorf",,250,250,,Über 250 Bewertungen aufgrund von Beschwerden wegen Diffamierung entfernt,https://www.aspria.com/de/berlin-kudamm/,https://lh3.googleusercontent.com/gps-cs-s/APNQkAEYQHSria9kWZzvzqCkClq0w5ZWAFBRT6yDNcJkxgBi6L_NNNVblNo1PbnafFT-MRysG_Fq5Am_mVBol8Le2tN2NWrQqQk0Fc3vHgVkOgfniBNBKahmZ3YQtvUvp4Xr-iLO8SH5fw=w458-h240-k-no,,,,,https://www.google.com/maps/search/?api=1&query=Aspria%20Spa%20%2B%20Sporting%20Club%20%2B%20Hotel%20Berlin,https://www.google.com/maps/search/?api=1&query=Aspria%20Spa%20%2B%20Sporting%20Club%20%2B%20Hotel%20Berlin,2026-07-02T15:12:49.472Z
,Car dealer,Berlin-Bezirk Reinickendorf,13509,"Address: Jacobsenweg 1, 13509 Berlin-Bezirk Reinickendorf",,20,11,20,11 bis 20 Bewertungen aufgrund von Beschwerden wegen Diffamierung entfernt,https://autohaus-oranien.qualitaetshaendler.de/,https://lh3.googleusercontent.com/gps-cs-s/APNQkAE25sGa0vcHYqLI6mRX2UG7K7eqUo0aLia40ulwQPGrNsRoUxPi4ulZiPC2o_jpPc0UpiahsEZVMZGn4wV8NR89srVXDTZ3W27XuKVE02w61tmfZgNL0CWwSc29LLicuGl-9p4D2Q=w408-h306-k-no,,,,,https://www.google.com/maps/search/?api=1&query=Autohaus%20Oranien%20Berlin,https://www.google.com/maps/search/?api=1&query=Autohaus%20Oranien%20Berlin,2026-07-02T12:36:44.751Z
,Restaurant,Berlin,10178,"Address: Karl-Liebknecht-Str. 29, 10178 Berlin",,100,51,100,51 bis 100 Bewertungen aufgrund von Beschwerden wegen Diffamierung entfernt,https://beast-berlin.com/,https://lh3.googleusercontent.com/gps-cs-s/APNQkAE5cxIKc5XL-5rgATkxqXWBVECrzTThUAdv62hDGfLzE1MRFfDm_Nkc1ihkPheRDqyUB9XgEJ58iDgf7uOFHfmYxASs1Kz7vKDHzaRvWI68233tDzrMZLsEenkM0Ze8zLaQ5vf7NO1Y9bo=w408-h272-k-no,,,,,https://www.google.com/maps/search/?api=1&query=Beast%20Berlin%20Berlin,https://www.google.com/maps/search/?api=1&query=Beast%20Berlin%20Berlin,2026-07-02T14:07:13.637Z
,Pizza restaurant,Berlin,13507,"Address: Alt-Tegel 11, 13507 Berlin",,100,51,100,51 bis 100 Bewertungen aufgrund von Beschwerden wegen Diffamierung entfernt,,https://lh3.googleusercontent.com/gps-cs-s/APNQkAFiC9Q-nlbK0NLp2FvmteCzlVL41cZdecuPjPtzH3dVplzJZPZdvDbofILyVNkj3txxgCh0Mf2Oz80SCGv6Jgn6pAnl1XxxxJb9t_pr9lw_yvB9XDBIApPRMyQ6WD60TuAvHc1rT77Aoey2=w408-h306-k-no,,,,,https://www.google.com/maps/search/?api=1&query=Bergmann%20Pizza%20Berlin,https://www.google.com/maps/search/?api=1&query=Bergmann%20Pizza%20Berlin,2026-07-02T14:50:45.821Z
,Doner kebab restaurant,Berlin-Bezirk Friedrichshain-Kreuzberg,10247,"Address: Samariterstraße 28, 10247 Berlin-Bezirk Friedrichshain-Kreuzberg",,50,21,50,21 bis 50 Bewertungen aufgrund von Beschwerden wegen Diffamierung entfernt,http://bistrosamariter.eatbu.com/,https://lh3.googleusercontent.com/gps-cs-s/APNQkAHB_JtzgbxtaoH7nTGwT2Zo9hNte2Zgh91pkbmTZcHDjwsLKA6bm-4XoDnAlQZvIslbs1TH7GxrJuU3TkqjAcyT3SK_q5RARx3kKG8_DquxQRUTJrOCBgH_v1E8EkSiBWFF9ikd=w408-h306-k-no,,,,,https://www.google.com/maps/search/?api=1&query=Bistro%20Samariter%20Berlin,https://www.google.com/maps/search/?api=1&query=Bistro%20Samariter%20Berlin,2026-07-02T14:32:52.464Z
,Indian restaurant,Berlin,10551,"Address: Wiclefstraße 42, 10551 Berlin",,150,101,150,101 bis 150 Bewertungen aufgrund von Beschwerden wegen Diffamierung entfernt,http://darbar-delivery.de/?utm_source=google_business_profile&utm_medium=button&utm_tracking_link_id=894139b4-1d92-44ce-b0ba-c246733620e1,https://lh3.googleusercontent.com/gps-cs-s/APNQkAHnk4JcfHJkSoYsaJgCRoC38H__m5hxa7bASLACYFpFaa0iLuqR8KA80h5ClCOQUBkNqDfQoqZTm9kv9Bh9NvIKgCkdABcCFiVKcgCF8wnmZYqkO4mNkFy0GX75XaNnGdHEy9DJ8aHJ6ow=w408-h282-k-no,,,,,https://www.google.com/maps/search/?api=1&query=Darbar%20Berlin,https://www.google.com/maps/search/?api=1&query=Darbar%20Berlin,2026-07-02T14:54:03.457Z
,Pizza restaurant,Berlin,10823,"Address: Belziger Str. 73, 10823 Berlin",,50,21,50,21 bis 50 Bewertungen aufgrund von Beschwerden wegen Diffamierung entfernt,https://www.dolcepizza.de/,https://lh3.googleusercontent.com/gps-cs-s/APNQkAGLXUkXMe5hEdWcL8VpZUyA8K3rp72G33TaaSNQ0wW4XgyEaqkRteC0MrWiUN-2qZaJ_2l7OO8tLmW71EvvXcDwmbWq_ZEaPG5aTQEo1rwJ_LSxCHIiojqrFYDfq3YzoVgJ63o3=w408-h346-k-no,,,,,https://www.google.com/maps/search/?api=1&query=Dolce%20Pizza%20Berlin,https://www.google.com/maps/search/?api=1&query=Dolce%20Pizza%20Berlin,2026-07-02T14:41:16.805Z
,Doctor,Berlin,10249,"Address: Ebelingstraße 15, 10249 Berlin",,20,11,20,11 bis 20 Bewertungen aufgrund von Beschwerden wegen Diffamierung entfernt,https://orthopaede-friedrichshain.de/,https://lh3.googleusercontent.com/gps-cs-s/APNQkAFntHW-jMUoV3sV8Yjxxx7YznWdt-Z9Ki8_L5cZMHpG4YHJGLOQIEGaVd-QIx6pzjdAKcqNliLNkL3TQK_rq3CEvxklSeK0KKW5pg-MG0GA4GreEqGBNlZ91-jxBhpOCAcEm_k55KodKc_-=w408-h544-k-no,,,,,https://www.google.com/maps/search/?api=1&query=Dr.%20med.%20Ayhan%20Dogan%20Berlin,https://www.google.com/maps/search/?api=1&query=Dr.%20med.%20Ayhan%20Dogan%20Berlin,2026-07-02T10:33:57.717Z
,Electric motor vehicle dealer,Berlin-Bezirk Steglitz-Zehlendorf,14167,"Address: Goerzallee 311, 14167 Berlin-Bezirk Steglitz-Zehlendorf",,50,21,50,21 bis 50 Bewertungen aufgrund von Beschwerden wegen Diffamierung entfernt,https://edrivecenter.de/,https://lh3.googleusercontent.com/gps-cs-s/APNQkAFy33eeHBVUxmVAWmXQ9jhNvoPF-NspTpY0xfXeplO098Jo0M5PXlGITQQFtRSv8B1m6lBeSP3ey58Kbu6rQo_qk3C1QsCL0eIyDNf87JuBIr9Lq9TcPiAVLN8Zv5lDGFpfWsz3kNILb9s=w408-h306-k-no,,,,,https://www.google.com/maps/search/?api=1&query=E%20Drivecenter%20Berlin,https://www.google.com/maps/search/?api=1&query=E%20Drivecenter%20Berlin,2026-07-02T12:51:20.697Z
,Car dealer,Berlin-Bezirk Tempelhof-Schöneberg,10787,"Address: Kleiststraße 2, 10787 Berlin-Bezirk Tempelhof-Schöneberg",,50,21,50,21 bis 50 Bewertungen aufgrund von Beschwerden wegen Diffamierung entfernt,http://www.eurokinisis.com/,https://lh3.googleusercontent.com/gps-cs-s/APNQkAG-mHr4Hohv-Wm9jo1ygwJwJZvvkFng8Wkwd9d1osCnOvUY6srcHGEGbz739CyX6-rKT0SeWO0HIJPbfQE56lbRcy2lOp-I0WKuiqJXVr12IVYdHXXE0z1SfMnjyqXmqtCVwIfD9g=w408-h544-k-no,,,,,https://www.google.com/maps/search/?api=1&query=Eurokinisis%20Berlin,https://www.google.com/maps/search/?api=1&query=Eurokinisis%20Berlin,2026-07-02T12:38:30.626Z
,Car dealer,Berlin-Bezirk Charlottenburg-Wilmersdorf,10625,"Address: Bismarckstraße 24, 10625 Berlin-Bezirk Charlottenburg-Wilmersdorf",,20,11,20,11 bis 20 Bewertungen aufgrund von Beschwerden wegen Diffamierung entfernt,http://www.flmotors.de/,https://lh3.googleusercontent.com/gps-cs-s/APNQkAHZhGS-hIMC1-mfHqiq_4Ocyjvk_U8_-cZVee4y970gdgQ8cS1NYEQPzp-5J4--Wb0h-cxZAc0b_-ihHlCsfk-D_HJTmVW0Jd9_6KSxLtnqcJPjKx0Q1sFEJRtBKy2KJREfP52d=w426-h240-k-no,,,,,https://www.google.com/maps/search/?api=1&query=FL%20Motors%20Berlin,https://www.google.com/maps/search/?api=1&query=FL%20Motors%20Berlin,2026-07-02T12:43:00.760Z
,German restaurant,Berlin-Bezirk Charlottenburg-Wilmersdorf,10717,"Address: Fechnerstraße 30, 10717 Berlin-Bezirk Charlottenburg-Wilmersdorf",,100,51,100,51 bis 100 Bewertungen aufgrund von Beschwerden wegen Diffamierung entfernt,https://www.garcon-berlin.com/,https://lh3.googleusercontent.com/gps-cs-s/APNQkAE-6dN1mU-v4Okqgwu2KPlfSrbS7sWww05OYHE2aHe2-XWmHRomN1HCL7MZUgjU3gZ9GZ9w2-AwWycMPkCE6JdW8eKl2_SHnaPC_x9OPj7LORHoprwUzhucAQ-qkWVso-sj2XS1lLdvZBqJ=w408-h544-k-no,,,,,https://www.google.com/maps/search/?api=1&query=Garcon%20Berlin,https://www.google.com/maps/search/?api=1&query=Garcon%20Berlin,2026-07-02T14:13:07.173Z
,Restaurant,Berlin-Bezirk Charlottenburg-Wilmersdorf,10719,"Address: Kurfürstendamm 25, 10719 Berlin-Bezirk Charlottenburg-Wilmersdorf",,50,21,50,21 bis 50 Bewertungen aufgrund von Beschwerden wegen Diffamierung entfernt,http://www.grace-berlin.com/,https://lh3.googleusercontent.com/gps-cs-s/APNQkAHk-6H4BnkAwmR4R2py3BFx84lUA0V6BS3WAsykXr1Es7FasBMMM-bjyOWaWHgB1Jdx3x-hfeybvXF-iLEDKxRViv0pgieBe6V-I5Fae7RoFB2mz9oYWz-mAdNBjmWr_Rzea6biYA=w408-h271-k-no,,,,,https://www.google.com/maps/search/?api=1&query=Grace%20Berlin,https://www.google.com/maps/search/?api=1&query=Grace%20Berlin,2026-07-02T13:18:58.122Z
,Kebab shop,Berlin-Bezirk Tempelhof-Schöneberg,10965,"Address: Yorckstraße 49, 10965 Berlin-Bezirk Tempelhof-Schöneberg",,250,250,,Über 250 Bewertungen aufgrund von Beschwerden wegen Diffamierung entfernt,http://www.hisarfreshfood.de/,https://lh3.googleusercontent.com/gps-cs-s/APNQkAFYRSPs3gJiBC2HEgUBIfsZ0vnODIZyhNldqir1NLKeOrbsBPQuk0UVok59sgY8KgG4L2UAculq4dA0rPdYZus0zywu30xmuvuP87gFfrkXzQKEgmaKD21JI8X9c7UnioQXTMSJ=w408-h272-k-no,,,,,https://www.google.com/maps/search/?api=1&query=Hisar%20Berlin,https://www.google.com/maps/search/?api=1&query=Hisar%20Berlin,2026-07-02T14:38:50.057Z
,Add a label,Berlin-Bezirk Neukölln,12357,"Address: Alt-Rudow 1, 12357 Berlin-Bezirk Neukölln",,20,11,20,11 bis 20 Bewertungen aufgrund von Beschwerden wegen Diffamierung entfernt,http://www.aviv-berlin.de/,https://lh3.googleusercontent.com/gps-cs-s/APNQkAGmHjmFZo1ajyaKz8UdNkCEyYwMccYBSajzUfRlVnBWa0jX_OG_rUyRMGJGvOAIQS0odMbahd6LxvfVib5eg_7IEvJDKVLcvEMJhgUm_1dP-kLQ534vPm0Daud2WwH2GQ3tDDKxyg=w426-h240-k-no,,,,,https://www.google.com/maps/search/?api=1&query=Hotel%20Aviv%20Berlin,https://www.google.com/maps/search/?api=1&query=Hotel%20Aviv%20Berlin,2026-07-02T15:11:31.682Z
,Add a label,Berlin,10178,"Address: Weinmeisterstraße 1, 10178 Berlin",,150,101,150,101 bis 150 Bewertungen aufgrund von Beschwerden wegen Diffamierung entfernt,https://www.casacamper.com/en/berlin/hotel.html?utm_source=gmb&utm_medium=organic,https://lh3.googleusercontent.com/gps-cs-s/APNQkAERU0Uoc-8SLqJFhC7XJxTAlNwe3RvibjjlnN4gabwbrefQL6slO-XAdUXh5FhkrhO-Eyb8nhCtxJENeMNYDSH0yNGwgFtPBJ0QPPCWNEXGVChM0zhAyrZYkkl_SqrbTA6gLGyW0Q=w516-h240-k-no,,,,,https://www.google.com/maps/search/?api=1&query=Hotel%20Casa%20Camper%20Berlin%20Berlin,https://www.google.com/maps/search/?api=1&query=Hotel%20Casa%20Camper%20Berlin%20Berlin,2026-07-02T15:05:43.759Z
,Add a label,Bezirk Spandau,13597,"Address: Moritzstraße 20, 13597 Bezirk Spandau",,100,51,100,51 bis 100 Bewertungen aufgrund von Beschwerden wegen Diffamierung entfernt,http://www.hotel-herbst.de/,https://lh3.googleusercontent.com/gps-proxy/ALd4DhHea8zATHUlMZd_0SQRdd4Y7w2_jcS1mxenU2sgVqJIig2vqBwY7InqKiUIiytUCKsJ3zgbaPMPlUvDjDe8hG48SVJQ-5FoSsHLljKQRP3IVu81J-__jl-fav6JqmwLOZolFEEYjYlISpm4ca9HOcsvzGIOTwulg5r1I3U-KoWzF5j1J0p2VNUe=w408-h669-k-no,,,,,https://www.google.com/maps/search/?api=1&query=Hotel%20Herbst%20Berlin,https://www.google.com/maps/search/?api=1&query=Hotel%20Herbst%20Berlin,2026-07-02T15:03:33.860Z
,Add a label,Bezirk Lichtenberg,10318,"Address: Treskowallee 89, 10318 Bezirk Lichtenberg",,200,151,200,151 bis 200 Bewertungen aufgrund von Beschwerden wegen Diffamierung entfernt,http://hotel-karlshorst.com/,https://lh3.googleusercontent.com/gps-proxy/ALd4DhF8P8pooIdWBAvE4SbiiAZHuxVAmd7JjTjt3FiUZ3k85egPTkflDu49ic6_qX76y3uAf2GTsbifXNX9wYbB-U8dfgPdM4nYwNJA49GrpcFqRuIxsLeSXd5AyXilRxVOGpeh2Iu_0QPXQ3n8vfChaZoF48XuDhTgeipvh9N18wB8keWEEeIc5uq_DA=w408-h271-k-no,,,,,https://www.google.com/maps/search/?api=1&query=Hotel%20Karlshorst%20Berlin,https://www.google.com/maps/search/?api=1&query=Hotel%20Karlshorst%20Berlin,2026-07-02T15:01:21.544Z
,Add a label,Bezirk Spandau,13597,"Address: Breite Str. 36, 13597 Bezirk Spandau",,100,51,100,51 bis 100 Bewertungen aufgrund von Beschwerden wegen Diffamierung entfernt,https://www.hotel-lindenufer.berlin/,https://lh3.googleusercontent.com/gps-cs-s/APNQkAGxim6QaMf68Qk4m-JTo7kObM46lA0P9tJRH0wSXhyJPGE1bPyWcpQW6N8SHquDEjm1HCNO4ZiC_Vp9LKY_zy4YqtIGZitw8QKTR-DAJoI1lnaOAJoIGCIXj0LpkydGR6ZVgyj3=w408-h686-k-no,,,,,https://www.google.com/maps/search/?api=1&query=Hotel%20Lindenufer%20Berlin,https://www.google.com/maps/search/?api=1&query=Hotel%20Lindenufer%20Berlin,2026-07-02T15:04:08.688Z
,German restaurant,Berlin-Bezirk Friedrichshain-Kreuzberg,10243,"Address: Grünberger Str. 1, 10243 Berlin-Bezirk Friedrichshain-Kreuzberg",,150,101,150,101 bis 150 Bewertungen aufgrund von Beschwerden wegen Diffamierung entfernt,https://jaegerundlustig.de/,https://lh3.googleusercontent.com/gps-cs-s/APNQkAG5BghamDwxQ41kMxiIph37_AbvkuAo2xE-lXA53dmbliIBUj12sBC1nKVPVTernQxvTjO_W6PltqSTqNAOz1MF7_cGWqzmS8ax7UxNPA2uLdZK0h8nLuy8r0WTqQmfUneRAse1=w408-h611-k-no,,,,,https://www.google.com/maps/search/?api=1&query=J%C3%A4ger%20%26%20Lustig%20Berlin,https://www.google.com/maps/search/?api=1&query=J%C3%A4ger%20%26%20Lustig%20Berlin,2026-07-02T14:28:17.623Z
,Nail salon,Berlin,10997,"Address: Wrangelstraße 52, 10997 Berlin",,20,11,20,11 bis 20 Bewertungen aufgrund von Beschwerden wegen Diffamierung entfernt,https://feministatolye.org/king-nails-kreuzberg/,https://lh3.googleusercontent.com/gps-cs-s/APNQkAHcMs-krkuUuNpKD_4gSuM4iVRxGcFy26pn--K7ULbLYG6sbraa-qaaqjBJ8aXfQp2OCEhov6P0H0kB2mCOPGUruJLTtyej7LV-_X6P3GJ3YZiOe0ZjSbIQUNdcbXW-LdAysbQW=w408-h544-k-no,,,,,https://www.google.com/maps/search/?api=1&query=King%20of%20Nails%20Berlin,https://www.google.com/maps/search/?api=1&query=King%20of%20Nails%20Berlin,2026-07-02T13:42:12.906Z
,Lawyer,Berlin-Bezirk Pankow,10439,"Address: Wichertstraße 45, 10439 Berlin-Bezirk Pankow",,50,21,50,21 bis 50 Bewertungen aufgrund von Beschwerden wegen Diffamierung entfernt,http://www.studienplatzklagen.com/,https://streetviewpixels-pa.googleapis.com/v1/thumbnail?panoid=_p013ug8Dpy4aDVBwM8O0w&cb_client=search.gws-prod.gps&w=408&h=240&yaw=46.333866&pitch=0&thumbfov=100,,,,,https://www.google.com/maps/search/?api=1&query=Korte%20Rechtsanw%C3%A4lte%20Berlin,https://www.google.com/maps/search/?api=1&query=Korte%20Rechtsanw%C3%A4lte%20Berlin,2026-07-02T11:33:08.778Z
,Fast food restaurant,Berlin-Bezirk Tempelhof-Schöneberg,12099,"Address: Tempelhofer Damm 222, 12099 Berlin-Bezirk Tempelhof-Schöneberg",,100,51,100,51 bis 100 Bewertungen aufgrund von Beschwerden wegen Diffamierung entfernt,https://www.facebook.com/pages/Libanon-Snack/311867342163440,https://lh3.googleusercontent.com/gps-cs-s/APNQkAG1TqGHjNu_g_i5w5WxyonO9DWfqVP3HBHumHq1cifxuNj5JswELA1i4pjiHadD7PoAaRKCs_xo04E9RKgWE7dnQ4JWufyUsQz98ebe-QN17UADwclefUAz1X95VO0E1IjT2VrlFH89VTYJ=w408-h478-k-no,,,,,https://www.google.com/maps/search/?api=1&query=Libanon%20Snack%20Berlin,https://www.google.com/maps/search/?api=1&query=Libanon%20Snack%20Berlin,2026-07-02T14:44:34.352Z
,Falafel restaurant,Berlin,10119,"Address: Torstraße 56, 10119 Berlin",,50,21,50,21 bis 50 Bewertungen aufgrund von Beschwerden wegen Diffamierung entfernt,https://m.facebook.com/pages/Luxa/164283010249014?locale=de_DE,https://lh3.googleusercontent.com/gps-cs-s/APNQkAHhKWyfRmpI7GocU2ht0reLknCwBtpZdX3gPexr7YAt7t8k3kC2R7tKFSzjLaBS3RmpVc60AhixNcx7PFXayl0Hh80SzMJIUKqC7CysT9AVavN1LYt9WQr51BL7zO5TwUB_hTw=w408-h306-k-no,,,,,https://www.google.com/maps/search/?api=1&query=Luxa%20Berlin,https://www.google.com/maps/search/?api=1&query=Luxa%20Berlin,2026-07-02T14:33:18.404Z
,Ophthalmologist,Berlin,13355,"Address: Brunnenstraße 121, 13355 Berlin",,50,21,50,21 bis 50 Bewertungen aufgrund von Beschwerden wegen Diffamierung entfernt,https://www.eyecareberlin.de/,https://lh3.googleusercontent.com/gps-cs-s/APNQkAEMtL0u-O-UyDyqCSHBUq7VQAmXZ7npLV_x9EgqB6_aPHBHJPBE8cK0duPJvOYPPRMsTEYJrcS9elm6ZjhKjeSmTSeJW585_OuyALgBgffZHPRH7aHOYj6zk84GZQ2DGvNMg5M_LjSp4uMw=w408-h271-k-no,,,,,https://www.google.com/maps/search/?api=1&query=M%C3%BCller%20Eyecare%20Berlin,https://www.google.com/maps/search/?api=1&query=M%C3%BCller%20Eyecare%20Berlin,2026-07-02T10:40:55.240Z
,Add a label,Berlin-Bezirk Friedrichshain-Kreuzberg,10961,"Address: Marheinekepl. 15, 10961 Berlin-Bezirk Friedrichshain-Kreuzberg",,150,101,150,101 bis 150 Bewertungen aufgrund von Beschwerden wegen Diffamierung entfernt,http://www.matzbach-berlin.com/,https://lh3.googleusercontent.com/gps-cs-s/APNQkAGodFOT2StNLGcFTbAJI3gJp6o9_pEVI3-3ovpcBVkkGSHoWmFbcWP048TLrYS443N7Qst0FuYxiYfFNaHsJc04G4xfvQzydGoA_B0YtJhp1qCbFiGo1BtWhdufBOqCL_azG_w=w408-h306-k-no,,,,,https://www.google.com/maps/search/?api=1&query=Matzbach%20Berlin,https://www.google.com/maps/search/?api=1&query=Matzbach%20Berlin,2026-07-02T14:07:55.795Z
,Orthopedic surgeon,Berlin,12053,"Address: Boddinstraße 22, 12053 Berlin",,100,51,100,51 bis 100 Bewertungen aufgrund von Beschwerden wegen Diffamierung entfernt,http://www.orthopaedium.de/,https://lh3.googleusercontent.com/gps-cs-s/APNQkAGQpKl77moEoqDqap_BYkBxOZzgnJaTVSNPFwGVUN97OoGL4hsCuCpOuam46gAK4n1hh_KExR48JxZLt56Nrra0_eKRATZyU6Z1aK7ojPEt_5ggrDFIGsSjGUcGA60q7IjvMC8FtQ=w427-h240-k-no,,,,,https://www.google.com/maps/search/?api=1&query=Orthopaedium%20Berlin,https://www.google.com/maps/search/?api=1&query=Orthopaedium%20Berlin,2026-07-02T10:52:23.590Z
,Add a label,Bezirk Lichtenberg,10317,"Address: Emanuelstraße 3, 10317 Bezirk Lichtenberg",,150,101,150,101 bis 150 Bewertungen aufgrund von Beschwerden wegen Diffamierung entfernt,https://www.pension-adamshof.de/,https://lh3.googleusercontent.com/gps-cs-s/APNQkAHcAdZ0BL2idD9CUiyxF7DZPBKaqd9kjbeZYRVTnzwIbPnYKpiz4wAYjXA9I15-ZzJpnw8X3_OHcCUHrpckiokDzVD9mJEft-v89mwby50hEZUla_mCm9kZFpdzp1lTSxMv4VY=w424-h240-k-no,,,,,https://www.google.com/maps/search/?api=1&query=Pension%20Adamshof%20Berlin,https://www.google.com/maps/search/?api=1&query=Pension%20Adamshof%20Berlin,2026-07-02T15:08:02.635Z
,Vietnamese restaurant,Bezirk Spandau,13597,"Address: Jüdenstraße 17, 13597 Bezirk Spandau",,50,21,50,21 bis 50 Bewertungen aufgrund von Beschwerden wegen Diffamierung entfernt,http://phoandmore.de/?utm_source=google_business_profile&utm_medium=button&utm_tracking_link_id=d905b123-2b09-4329-8f5c-89bc2d98ebdf,https://lh3.googleusercontent.com/gps-cs-s/APNQkAGD80d4vMXDUwq8uN8aguu6o9tG1OIFAKC4DI8j16ITyT5OoEgr9mw5y3aDYzHkDyLnk6t3kzuPruRaGNzIP2BgyeeK6OjQ_AsaeRfMc3T_e92XdAUXBASubke4WyLTwW817SfbBprHlQ5E=w408-h442-k-no,,,,,https://www.google.com/maps/search/?api=1&query=Pho%20%26%20More%20Berlin,https://www.google.com/maps/search/?api=1&query=Pho%20%26%20More%20Berlin,2026-07-02T14:43:42.568Z
,Pizza restaurant,Berlin,10245,"Address: Simon-Dach-Straße 12, 10245 Berlin",,150,101,150,101 bis 150 Bewertungen aufgrund von Beschwerden wegen Diffamierung entfernt,,https://lh3.googleusercontent.com/gps-cs-s/APNQkAG0JJ_D1rsJVGBT9FaG9QLiGo097L-0CPOScuV6kPH3ZQXrxU65hxoCa7tbgCX3UW7vgNplDYlY_GyZXU8MLdCCeUQXwCnVOOWxc9Y8UXaX73vHwBWh8CKtrM9fjRh253FFDWKx=w426-h240-k-no,,,,,https://www.google.com/maps/search/?api=1&query=Pizza%20Dach%20Aceto%20Lokanta%20Berlin,https://www.google.com/maps/search/?api=1&query=Pizza%20Dach%20Aceto%20Lokanta%20Berlin,2026-07-02T14:32:35.148Z
,Restaurant,Berlin-Bezirk Friedrichshain-Kreuzberg,10245,"Address: Grünberger Str. 61, 10245 Berlin-Bezirk Friedrichshain-Kreuzberg",,100,51,100,51 bis 100 Bewertungen aufgrund von Beschwerden wegen Diffamierung entfernt,http://www.plusminusnull-berlin.de/,https://lh3.googleusercontent.com/gps-cs-s/APNQkAFurN87pH112C4SzkkvncjIHymIVcdmUj62-Wc2U5eHmmDbjNl7C_DHDEVOQSPSCvRP4BGDjDtt2K9vcscr39ousVctUW_GONzUq_1muFtHQLhOoScqAhsBZDVjl9OlpKELkoL1NLQnM8HB=w425-h240-k-no,,,,,https://www.google.com/maps/search/?api=1&query=Plus%20Minus%20Null%20Berlin,https://www.google.com/maps/search/?api=1&query=Plus%20Minus%20Null%20Berlin,2026-07-02T14:22:05.334Z
,Veterinarian,Bezirk Lichtenberg,13055,"Address: Konrad-Wolf-Straße 88, 13055 Bezirk Lichtenberg",,20,11,20,11 bis 20 Bewertungen aufgrund von Beschwerden wegen Diffamierung entfernt,http://www.tierarzt-drloesch.de/,https://lh3.googleusercontent.com/gps-cs-s/APNQkAFO-iNj-Q9gT-2oOqckplc9beKyFpnd64sVEBjh6UKbmZDFfkZK2PeRpSId17s34C_Bhx3wbWtHIpdtei4zPRTzPCEf22mdkeTDoBzGoTRlcIPvKoYP-Glybq6CD_Xu1cdq3Q=w408-h306-k-no,,,,,https://www.google.com/maps/search/?api=1&query=Praxis%20f%C3%BCr%20Kleine%20Haustiere%20Dr.%20Niels%20L%C3%B6sch%20Berlin,https://www.google.com/maps/search/?api=1&query=Praxis%20f%C3%BCr%20Kleine%20Haustiere%20Dr.%20Niels%20L%C3%B6sch%20Berlin,2026-07-02T11:19:52.469Z
,Property management company,Berlin-Bezirk Tempelhof-Schöneberg,12161,"Address: Bundesallee 66, 12161 Berlin-Bezirk Tempelhof-Schöneberg",,50,21,50,21 bis 50 Bewertungen aufgrund von Beschwerden wegen Diffamierung entfernt,http://www.proline.de/,https://lh3.googleusercontent.com/gps-cs-s/APNQkAFJgZy0-DT1qGfYGgmoHxY_bobotVLxvwsA4zTy4aYeDDCcjBVpqxsxb7Tc5VlbEpeNvHjkn0Rx8PHysuBsDO2RzJSEULU66ajvEkXdH-Q-FJA1y756Tkguc8eJenEvDYp6TMHWxg=w408-h725-k-no,,,,,https://www.google.com/maps/search/?api=1&query=Proline%20Immobilien%20Berlin,https://www.google.com/maps/search/?api=1&query=Proline%20Immobilien%20Berlin,2026-07-02T12:13:31.801Z
,Family law attorney,Berlin-Bezirk Pankow,10409,"Address: Greifswalder Str. 164, 10409 Berlin-Bezirk Pankow",,20,11,20,11 bis 20 Bewertungen aufgrund von Beschwerden wegen Diffamierung entfernt,http://www.anwalt-spandau.de/,https://streetviewpixels-pa.googleapis.com/v1/thumbnail?panoid=J-bRGrpJmE6Qnh8SC0edqw&cb_client=search.gws-prod.gps&w=408&h=240&yaw=323.78687&pitch=0&thumbfov=100,,,,,https://www.google.com/maps/search/?api=1&query=Rechtsanw%C3%A4ltin%20Britta%20Kempke%20Berlin,https://www.google.com/maps/search/?api=1&query=Rechtsanw%C3%A4ltin%20Britta%20Kempke%20Berlin,2026-07-02T11:42:25.072Z
,Italian restaurant,Berlin-Bezirk Charlottenburg-Wilmersdorf,10707,"Address: Pariser Str. 18A, 10707 Berlin-Bezirk Charlottenburg-Wilmersdorf",,50,21,50,21 bis 50 Bewertungen aufgrund von Beschwerden wegen Diffamierung entfernt,https://www.ristorante-da-toni.de/,https://lh3.googleusercontent.com/gps-cs-s/APNQkAEQwaztoKLkP_ARlK-aM98IZ-dNpc8JXGv2Z4BOQNWtabBF8DXuERgNSMyN6vrFLlIQzSvXqlqt3HI1QjQqDarF-bkN9RS1SDkxufRGmiGBRoT8dz2zu2CLwyoATvD9dqU4bxsBEIW1KZiv=w408-h544-k-no,,,,,https://www.google.com/maps/search/?api=1&query=Ristorante%20Da%20Toni%20Berlin,https://www.google.com/maps/search/?api=1&query=Ristorante%20Da%20Toni%20Berlin,2026-07-02T14:25:24.431Z
,Italian restaurant,Berlin,10243,"Address: Strausberger Pl. 2, 10243 Berlin",,50,21,50,21 bis 50 Bewertungen aufgrund von Beschwerden wegen Diffamierung entfernt,http://www.amano-ristorante.de/,https://lh3.googleusercontent.com/gps-cs-s/APNQkAG_FqtfvJP_53bEufFtgZIYcEcxw12bdL-QlwMt3V82B4KqQ8GtF257YwRwGWFUETCBjbDgqHpzRq_OLDGmZC7ggtxXeVOwBuR2s3qDp1ZbCJZK3FEjLsG3EDpi1ZfnOfgFI0-7=w408-h272-k-no,,,,,https://www.google.com/maps/search/?api=1&query=Ristorante%20a%20Mano%20Berlin,https://www.google.com/maps/search/?api=1&query=Ristorante%20a%20Mano%20Berlin,2026-07-02T14:13:59.041Z
,Hotel,Berlin,10787,"Address: Drakestraße 1, 10787 Berlin",,20,11,20,11 bis 20 Bewertungen aufgrund von Beschwerden wegen Diffamierung entfernt,https://www.so-berlin-das-stue.com/?utm_source=google&utm_medium=organic&utm_campaign=gmb-website&utm_content=website_button,https://lh3.googleusercontent.com/gps-cs-s/APNQkAFb9oo-EabHi0yWtva8ygA_MCr74RARRNRMTLT68XWX74INlJ0KKSuKyLp-GZaoXui9-Ffczyf6SxIxW98CScZSa6IWojd7PFlELcHqs54Nie4ZbWsFQUuct410dEVrjeGA5nz5Qv4NfIwK=w408-h271-k-no,,,,,https://www.google.com/maps/search/?api=1&query=SO%2F%20Berlin%20Das%20Stue%20Berlin,https://www.google.com/maps/search/?api=1&query=SO%2F%20Berlin%20Das%20Stue%20Berlin,2026-07-02T15:19:37.238Z
,Austrian restaurant,Berlin-Bezirk Friedrichshain-Kreuzberg,10245,"Address: Simplonstraße 16, 10245 Berlin-Bezirk Friedrichshain-Kreuzberg",,50,21,50,21 bis 50 Bewertungen aufgrund von Beschwerden wegen Diffamierung entfernt,http://www.schneeweiss-berlin.de/,https://lh3.googleusercontent.com/gps-cs-s/APNQkAEyrU_Tq3UXsUBVUVezq8T_lx7gXO6WdlpJwr7Qsp8ksT8qU3k-3csfkztmPeagW5E-wCv4CfZITuJzyMeIchdB2rIy5LViHG-TkPZToSz5QRlBP0UAQ9lx4xBUJ0zgX7GsRR3_J1YojoJc=w427-h240-k-no,,,,,https://www.google.com/maps/search/?api=1&query=Schneewei%C3%9F%20Berlin,https://www.google.com/maps/search/?api=1&query=Schneewei%C3%9F%20Berlin,2026-07-02T14:18:54.063Z
,Kebab shop,Berlin-Bezirk Tempelhof-Schöneberg,12277,"Address: Marienfelder Allee 137, 12277 Berlin-Bezirk Tempelhof-Schöneberg",,20,11,20,11 bis 20 Bewertungen aufgrund von Beschwerden wegen Diffamierung entfernt,https://vunyu.com/seven-grill-doner-kebap-754738-de,https://lh3.googleusercontent.com/gps-cs-s/APNQkAFK_Pj4ukdZvrUmtfWNxrXo_BQJrCYXh-AFCASfW8KTO8d3WmFGWnvQzIo4MoRenT0bjQ4fHGBtq6xwuCuDQou-j1ce5faTblq7qVJE-_inUlodRGR5OLyxn7ea_7gWlqgEvwx7=w408-h544-k-no,,,,,https://www.google.com/maps/search/?api=1&query=Seven%20Grill%20Berlin,https://www.google.com/maps/search/?api=1&query=Seven%20Grill%20Berlin,2026-07-02T14:37:41.996Z
,Indian restaurant,Berlin,10179,"Address: Neue Roßstraße 13, 10179 Berlin",,250,201,250,201 bis 250 Bewertungen aufgrund von Beschwerden wegen Diffamierung entfernt,http://shezan-berlin.de/,https://lh3.googleusercontent.com/gps-cs-s/APNQkAFCftaL96PYbP-tkpf51gOun_YB6OPv1DYY20HQx8p0gTKnQf7DtDfZDz8gQ95c8gVP57Dhy2NiSnL8B_6GKRKz9Yuf5KkrPreTMf-FQ8QGujgwf3bj1Hj8GXKY0-CaESDY6Jrz1TEQLag4=w408-h306-k-no,,,,,https://www.google.com/maps/search/?api=1&query=Shezan%20Berlin,https://www.google.com/maps/search/?api=1&query=Shezan%20Berlin,2026-07-02T14:08:37.929Z
,Add a label,Berlin,10553,"Address: Beusselstraße 44T, 10553 Berlin",,20,11,20,11 bis 20 Bewertungen aufgrund von Beschwerden wegen Diffamierung entfernt,http://www.berlin-hotel-sickingerhof.de/,https://lh3.googleusercontent.com/gps-proxy/ALd4DhHvWufBcknx4KiOev7ZyAAG0hN82JNmpTof19Tz8-uhF9z1H8QqBPspgCkRIhgJRdQPtx6eS7Ifs4gxe05bTXFFcDuR5I4-ZWmXMXbnm7LWrHqS3GwMZ6PvdFYeXZpNPG2VuYmWyjUA__LzNBtIaRiBEm6rcVfspUa0D1-HHZCJmRq1bzUqHq8l=w408-h300-k-no,,,,,https://www.google.com/maps/search/?api=1&query=Sickinger%20Hof%20Berlin,https://www.google.com/maps/search/?api=1&query=Sickinger%20Hof%20Berlin,2026-07-02T15:06:53.147Z
,Fitness center,Berlin-Bezirk Charlottenburg-Wilmersdorf,10789,"Address: Tauentzienstraße 9-12, 10789 Berlin-Bezirk Charlottenburg-Wilmersdorf",,50,21,50,21 bis 50 Bewertungen aufgrund von Beschwerden wegen Diffamierung entfernt,http://superfit.club/,https://lh3.googleusercontent.com/gps-cs-s/APNQkAHmAmPPbD40HbDyCPERhZZvviXQIf2RMnQ3OsJHvB8aTCv4qxcijwI3k3MhZBYJa6UizymzQuoubW9fM_HCd1hfqzkdUfDgjH-UI2pQSU5RQnq3djLOHPjG8LLD7zAuD4ogtWKMhg=w408-h307-k-no,,,,,https://www.google.com/maps/search/?api=1&query=SuperFit%20Europa-Center%20Berlin,https://www.google.com/maps/search/?api=1&query=SuperFit%20Europa-Center%20Berlin,2026-07-02T13:47:20.935Z
,Greek restaurant,Bezirk Spandau,13597,"Address: Möllentordamm 1, 13597 Bezirk Spandau",,100,51,100,51 bis 100 Bewertungen aufgrund von Beschwerden wegen Diffamierung entfernt,https://teloneio.de/,https://lh3.googleusercontent.com/gps-cs-s/APNQkAEeuG5-zNDDA8jUv-LYmUb5sSlDMWCob76Ywonomfv6DHoRFpfhzGRCE_sCzuQSbPZiVc_kKBhU5vWWjKVf0prCvL7oVPoH5fJ8dCKw6Coa2IP18vAB61qzmtp02zyR0hSgM8ae=w408-h544-k-no,,,,,https://www.google.com/maps/search/?api=1&query=Taverna%20Teloneio%20Berlin,https://www.google.com/maps/search/?api=1&query=Taverna%20Teloneio%20Berlin,2026-07-02T14:12:49.891Z
,Lebanese restaurant,Berlin,10245,"Address: Boxhagener Str. 29, 10245 Berlin",,100,51,100,51 bis 100 Bewertungen aufgrund von Beschwerden wegen Diffamierung entfernt,https://ubereats.app.link/AlhIIN3Jlsb,https://lh3.googleusercontent.com/gps-cs-s/APNQkAEP4WTYDX8U-BIX1EEmB3BSyhgcmCGV1fbGd_Tjx9If0g_9k3LWWG2eN1u_TrTbi5dwJDWGpCTRDcYsAH6_SwaUZ5agAsCDushPirli-ZCTqd9A3W_OYxuD9DrFVAWhEJAt-rrdVQ=w408-h408-k-no,,,,,https://www.google.com/maps/search/?api=1&query=The%20Hummus%20Club%20Berlin,https://www.google.com/maps/search/?api=1&query=The%20Hummus%20Club%20Berlin,2026-07-02T14:27:08.016Z
,Add a label,Berlin,10785,"Address: Potsdamer Str. 3, 10785 Berlin",,20,11,20,11 bis 20 Bewertungen aufgrund von Beschwerden wegen Diffamierung entfernt,https://www.themandala.de/,https://lh3.googleusercontent.com/gps-cs-s/APNQkAF_0hz1bl5LcwiWbFS_PAMGFRAfHnLgRssnhx19SmSadk7VZC7HvsK38RCPXqOHHEaUHofxVr8agIaHdiV5oldbsZ1CimzQV-o4xsjpV90V_QcQB1Iwpg_p93Ij5e4-F1kJvwe_=w408-h272-k-no,,,,,https://www.google.com/maps/search/?api=1&query=The%20Mandala%20Hotel%20Berlin,https://www.google.com/maps/search/?api=1&query=The%20Mandala%20Hotel%20Berlin,2026-07-02T15:14:45.654Z
,Nail salon,Berlin-Bezirk Charlottenburg-Wilmersdorf,10715,"Address: Berliner Straße 30, 10715 Berlin-Bezirk Charlottenburg-Wilmersdorf",,20,11,20,11 bis 20 Bewertungen aufgrund von Beschwerden wegen Diffamierung entfernt,http://www.thenailbar-berlin.de/,https://lh3.googleusercontent.com/gps-cs-s/APNQkAH1uJEDTaHUoZMc1XzSqP8Jngc5OKVYU3U3pb8_8ByHO3AcITfUKRRmFmX_YXj7t-4Q7I6J1WVgCgxoUtAltpdNx3aM4mEEyYLmz6SUfj79qSX4LhuqryjMsJG4SmjgRw20PhwDz79fm0U=w408-h544-k-no,,,,,https://www.google.com/maps/search/?api=1&query=The%20Nail%20Bar%20Berlin,https://www.google.com/maps/search/?api=1&query=The%20Nail%20Bar%20Berlin,2026-07-02T13:27:33.318Z
,Veterinarian,Bezirk Lichtenberg,13055,"Address: Konrad-Wolf-Straße 88, 13055 Bezirk Lichtenberg",,20,11,20,11 bis 20 Bewertungen aufgrund von Beschwerden wegen Diffamierung entfernt,http://www.tierarzt-drloesch.de/,https://lh3.googleusercontent.com/gps-cs-s/APNQkAFO-iNj-Q9gT-2oOqckplc9beKyFpnd64sVEBjh6UKbmZDFfkZK2PeRpSId17s34C_Bhx3wbWtHIpdtei4zPRTzPCEf22mdkeTDoBzGoTRlcIPvKoYP-Glybq6CD_Xu1cdq3Q=w408-h306-k-no,,,,,https://www.google.com/maps/search/?api=1&query=Tierarzt%20Dr.%20Niels%20L%C3%B6sch%20Berlin,https://www.google.com/maps/search/?api=1&query=Tierarzt%20Dr.%20Niels%20L%C3%B6sch%20Berlin,2026-07-02T11:03:50.051Z
,Italian restaurant,Berlin-Bezirk Steglitz-Zehlendorf,14163,"Address: Lindenthaler Allee 46, 14163 Berlin-Bezirk Steglitz-Zehlendorf",,50,21,50,21 bis 50 Bewertungen aufgrund von Beschwerden wegen Diffamierung entfernt,http://trattoria-piazza-siciliana.de/,https://lh3.googleusercontent.com/gps-cs-s/APNQkAFc5nsFuUvnntHZX_Zd_C9FrfCx_XPx0nTHGumjsTVkcF3b3EA2JQA-53qSOjy5n4_hwdhaWQC3yMZMD-9cphfSlhLvjomK-CpuLJw7Fl4770C4dEK4ID8LbfRaWRBFg2D3ctyZ=w408-h544-k-no,,,,,https://www.google.com/maps/search/?api=1&query=Trattoria%20Piazza%20Siciliana%20Berlin,https://www.google.com/maps/search/?api=1&query=Trattoria%20Piazza%20Siciliana%20Berlin,2026-07-02T14:17:36.162Z
,Animal hospital,Berlin-Bezirk Steglitz-Zehlendorf,14163,"Address: Potsdamer Str. 23/24, 14163 Berlin-Bezirk Steglitz-Zehlendorf",,50,21,50,21 bis 50 Bewertungen aufgrund von Beschwerden wegen Diffamierung entfernt,https://www.valeratierklinikberlin.com/,https://lh3.googleusercontent.com/gps-cs-s/APNQkAGV_S67eM19qmy3zLmKjkTPp_3ESp2htYkAyKsJLtX0rFTke4AXLEjhm9PjIf7inyK7LK0eJ7vcrXEqGD2iRE7TnT-QXmlapwF21TOCq3Zj-57x7163GUP8MX8t2-GzxASYYiJsRXuAlBDk=w426-h240-k-no,,,,,https://www.google.com/maps/search/?api=1&query=Valera%20Berlin,https://www.google.com/maps/search/?api=1&query=Valera%20Berlin,2026-07-02T11:17:25.544Z
,Thai restaurant,Berlin,10407,"Address: Bötzowstraße 25, 10407 Berlin",,100,51,100,51 bis 100 Bewertungen aufgrund von Beschwerden wegen Diffamierung entfernt,http://www.preeda.de/,https://lh3.googleusercontent.com/gps-cs-s/APNQkAEqSaF54j2jLxAxO8DeOULvJYApfsg5MTQzH00BmzRZJxIYh-qxGDUfkQ59pJNPLwxoyXTxpHJPF_fPf-v4GRqfwDR6JS5vyrXGrfbAH-WNvcXShV8qBPsgfGHXe2fkgrIw8tog=w408-h272-k-no,,,,,https://www.google.com/maps/search/?api=1&query=Yapda%20Berlin,https://www.google.com/maps/search/?api=1&query=Yapda%20Berlin,2026-07-02T12:44:35.914Z
,Dentist,Berlin-Bezirk Charlottenburg-Wilmersdorf,10587,"Address: Helmholtzstraße 31, 10587 Berlin-Bezirk Charlottenburg-Wilmersdorf",,20,11,20,11 bis 20 Bewertungen aufgrund von Beschwerden wegen Diffamierung entfernt,https://www.zahnecke-berlin.de/,https://lh3.googleusercontent.com/gps-cs-s/APNQkAHJOkOklL08XGBhSsqyRD471_8phUdF39WEWDFJig_qiS0JLCKTMC_xcP33HHomJW4kyfQjPCu8Z2HcFB5tZOwOV0TiAaLRyXPfNazxk5MpWG7-JA-HAClZCx-UNl7YuzgEOoYmjRt17Oax=w408-h272-k-no,,,,,https://www.google.com/maps/search/?api=1&query=Zahnecke%20Berlin,https://www.google.com/maps/search/?api=1&query=Zahnecke%20Berlin,2026-07-02T10:13:36.604Z
,Fitness center,Berlin-Bezirk Steglitz-Zehlendorf,14163,"Address: Martin-Buber-Straße 12, 14163 Berlin-Bezirk Steglitz-Zehlendorf",,50,21,50,21 bis 50 Bewertungen aufgrund von Beschwerden wegen Diffamierung entfernt,http://www.clever-fit.com/berlin-zehlendorf,https://lh3.googleusercontent.com/gps-cs-s/APNQkAEpiQUD7U7eLQWS_1Ac0oolfZzFfMHToy85S0MfZ9-gGkJEu7IfeCeLrO1OiPd3iaIKIDs3F2GWd6l22zqqBaPRX53tFRR2PYhl4H31OmM3yGUi8HKnNmUEb_hG8SCBoNkcEmbGC2nxwIH6=w408-h326-k-no,,,,,https://www.google.com/maps/search/?api=1&query=clever%20fit%20Berlin-Zehlendorf%20Berlin,https://www.google.com/maps/search/?api=1&query=clever%20fit%20Berlin-Zehlendorf%20Berlin,2026-07-02T14:02:55.753Z
,Add a label,Berlin,12627,"Address: Kurt-Weill-Gasse 7, 12627 Berlin",,250,250,,Über 250 Bewertungen aufgrund von Beschwerden wegen Diffamierung entfernt,http://www.hotel-hm.de/,https://lh3.googleusercontent.com/gps-proxy/ALd4DhEPfmkSG0SAsx9l7i-JxwYS_vpx9CumN5ueDgR2ZQ7ZgXfJD6LcrHsa3i1sOLXvB5KMMwOVVPU-_XNtqPinQEPU5jL503eXuHrV9_8QPoG8oczPQUCXMhN23hQQT2CMm93XI1WsRbbj_SxIpqNM_0JstCSi0BOYOBxK0Q0I435vfUxp_0B7PFgz=w408-h272-k-no,,,,,https://www.google.com/maps/search/?api=1&query=hotelhellemitte%20Berlin,https://www.google.com/maps/search/?api=1&query=hotelhellemitte%20Berlin,2026-07-02T15:04:43.255Z
,Add a label,Berlin,12681,"Address: Allee der Kosmonauten 33C, 12681 Berlin",,250,250,,Über 250 Bewertungen aufgrund von Beschwerden wegen Diffamierung entfernt,https://all.accor.com/lien_externe.svlt?goto=fiche_hotel&code_hotel=2631&merchantid=seo-maps-DE-2631&sourceid=aw-cen&utm_medium=seo+maps&utm_source=google+Maps&utm_campaign=seo+maps&y_source=1_MTUzNjI0NTUtNzE1LWxvY2F0aW9uLndlYnNpdGU=,https://lh3.googleusercontent.com/gps-cs-s/APNQkAGHh23-90EVz7yaUlSMoI8LGaPhwY1wmyLOrPu1UN5Ps8ZYDEDRJZWtvedGugiz4Ql3i02rxsSmP7JkWLUFW-QK1qOkq925GW5SS1mHKqPPhFzsYp0asYpHEQxK8BlhRPTX8Dsr=w408-h306-k-no,,,,,https://www.google.com/maps/search/?api=1&query=ibis%20budget%20Berlin%20Ost%20Berlin,https://www.google.com/maps/search/?api=1&query=ibis%20budget%20Berlin%20Ost%20Berlin,2026-07-02T15:09:33.683Z